,EVAPPREC,EVAPPREC,EVAPPREC,EVAPPREC,EVAPPREC,EVAPPREC,EVAPPREC,EVAPPREC,EVAPPREC,EVAPPREC,EVAPPREC,EVAPPREC,EVAPPREC,EVAPPREC,EVAPPREC,EVAPPREC,EVAPPREC,EVAPPREC,EVAPPREC,FU,FU,FU,FU,FU,FU,FU,FU,FU,FU,FU,FU,FU,FU,FU,FU,FU,FU,FU,FV,FV,FV,FV,FV,FV,FV,FV,FV,FV,FV,FV,FV,FV,FV,FV,FV,FV,FV,OMEGA,OMEGA,OMEGA,OMEGA,OMEGA,OMEGA,OMEGA,OMEGA,OMEGA,OMEGA,OMEGA,OMEGA,OMEGA,OMEGA,OMEGA,OMEGA,OMEGA,OMEGA,OMEGA,PDELDRY,PDELDRY,PDELDRY,PDELDRY,PDELDRY,PDELDRY,PDELDRY,PDELDRY,PDELDRY,PDELDRY,PDELDRY,PDELDRY,PDELDRY,PDELDRY,PDELDRY,PDELDRY,PDELDRY,PDELDRY,PDELDRY,Q,Q,Q,Q,Q,Q,Q,Q,Q,Q,Q,Q,Q,Q,Q,Q,Q,Q,Q,RELHUM,RELHUM,RELHUM,RELHUM,RELHUM,RELHUM,RELHUM,RELHUM,RELHUM,RELHUM,RELHUM,RELHUM,RELHUM,RELHUM,RELHUM,RELHUM,RELHUM,RELHUM,RELHUM,T,T,T,T,T,T,T,T,T,T,T,T,T,T,T,T,T,T,T,U,U,U,U,U,U,U,U,U,U,U,U,U,U,U,U,U,U,U,V,V,V,V,V,V,V,V,V,V,V,V,V,V,V,V,V,V,V
,PRECT,PRECT,PRECT,PRECT,PRECT,PRECT,PRECT,PRECT,PRECT,PRECT,PRECT,PRECT,PRECT,PRECT,PRECT,PRECT,PRECT,PRECT,PRECT,PRECT,PRECT,PRECT,PRECT,PRECT,PRECT,PRECT,PRECT,PRECT,PRECT,PRECT,PRECT,PRECT,PRECT,PRECT,PRECT,PRECT,PRECT,PRECT,PRECT,PRECT,PRECT,PRECT,PRECT,PRECT,PRECT,PRECT,PRECT,PRECT,PRECT,PRECT,PRECT,PRECT,PRECT,PRECT,PRECT,PRECT,PRECT,PRECT,PRECT,PRECT,PRECT,PRECT,PRECT,PRECT,PRECT,PRECT,PRECT,PRECT,PRECT,PRECT,PRECT,PRECT,PRECT,PRECT,PRECT,PRECT,PRECT,PRECT,PRECT,PRECT,PRECT,PRECT,PRECT,PRECT,PRECT,PRECT,PRECT,PRECT,PRECT,PRECT,PRECT,PRECT,PRECT,PRECT,PRECT,PRECT,PRECT,PRECT,PRECT,PRECT,PRECT,PRECT,PRECT,PRECT,PRECT,PRECT,PRECT,PRECT,PRECT,PRECT,PRECT,PRECT,PRECT,PRECT,PRECT,PRECT,PRECT,PRECT,PRECT,PRECT,PRECT,PRECT,PRECT,PRECT,PRECT,PRECT,PRECT,PRECT,PRECT,PRECT,PRECT,PRECT,PRECT,PRECT,PRECT,PRECT,PRECT,PRECT,PRECT,PRECT,PRECT,PRECT,PRECT,PRECT,PRECT,PRECT,PRECT,PRECT,PRECT,PRECT,PRECT,PRECT,PRECT,PRECT,PRECT,PRECT,PRECT,PRECT,PRECT,PRECT,PRECT,PRECT,PRECT,PRECT,PRECT,PRECT,PRECT,PRECT,PRECT,PRECT,PRECT,PRECT,PRECT,PRECT,PRECT,PRECT,PRECT,PRECT,PRECT,PRECT,PRECT,PRECT,PRECT,PRECT,PRECT,PRECT,PRECT,PRECT,PRECT,PRECT
,90.0,92.0567,93.6904,94.9881,96.0189,96.8377,97.4881,98.0047,98.4151,98.7411,99.0,99.2057,99.369,99.4988,99.6019,99.6838,99.7488,99.8005,99.8415,90.0,92.0567,93.6904,94.9881,96.0189,96.8377,97.4881,98.0047,98.4151,98.7411,99.0,99.2057,99.369,99.4988,99.6019,99.6838,99.7488,99.8005,99.8415,90.0,92.0567,93.6904,94.9881,96.0189,96.8377,97.4881,98.0047,98.4151,98.7411,99.0,99.2057,99.369,99.4988,99.6019,99.6838,99.7488,99.8005,99.8415,90.0,92.0567,93.6904,94.9881,96.0189,96.8377,97.4881,98.0047,98.4151,98.7411,99.0,99.2057,99.369,99.4988,99.6019,99.6838,99.7488,99.8005,99.8415,90.0,92.0567,93.6904,94.9881,96.0189,96.8377,97.4881,98.0047,98.4151,98.7411,99.0,99.2057,99.369,99.4988,99.6019,99.6838,99.7488,99.8005,99.8415,90.0,92.0567,93.6904,94.9881,96.0189,96.8377,97.4881,98.0047,98.4151,98.7411,99.0,99.2057,99.369,99.4988,99.6019,99.6838,99.7488,99.8005,99.8415,90.0,92.0567,93.6904,94.9881,96.0189,96.8377,97.4881,98.0047,98.4151,98.7411,99.0,99.2057,99.369,99.4988,99.6019,99.6838,99.7488,99.8005,99.8415,90.0,92.0567,93.6904,94.9881,96.0189,96.8377,97.4881,98.0047,98.4151,98.7411,99.0,99.2057,99.369,99.4988,99.6019,99.6838,99.7488,99.8005,99.8415,90.0,92.0567,93.6904,94.9881,96.0189,96.8377,97.4881,98.0047,98.4151,98.7411,99.0,99.2057,99.369,99.4988,99.6019,99.6838,99.7488,99.8005,99.8415,90.0,92.0567,93.6904,94.9881,96.0189,96.8377,97.4881,98.0047,98.4151,98.7411,99.0,99.2057,99.369,99.4988,99.6019,99.6838,99.7488,99.8005,99.8415
,,,,,,,,,,,,,,,,,,,,,,,,,,,,,,,,,,,,,,,,,,,,,,,,,,,,,,,,,,,,,,,,,,,,,,,,,,,,,,,,,,,,,,,,,,,,,,,,,,,,,,,,,,,,,,,,,,,,,,,,,,,,,,,,,,,,,,,,,,,,,,,,,,,,,,,,,,,,,,,,,,,,,,,,,,,,,,,,,,,,,,,,,,,,,,
0,0.0,0.0,0.0,0.0,0.0,0.0,0.0,0.0,0.0,0.0,0.0,0.0,0.0,0.0,0.0,0.0,0.0,0.0,0.0,0.0,0.0,0.0,0.0,0.0,0.0,0.0,0.0,0.0,0.0,0.0,0.0,0.0,0.0,0.0,0.0,0.0,0.0,0.0,0.0,0.0,0.0,0.0,0.0,0.0,0.0,0.0,0.0,0.0,0.0,0.0,0.0,0.0,0.0,0.0,0.0,0.0,0.0,-8.52660105011e-06,8.34396269056e-06,1.26236072902e-05,6.49849016554e-06,8.55949338074e-07,-1.42518556459e-05,-1.85993958439e-05,4.25608777732e-06,-1.68135193235e-05,-5.41655681445e-05,-3.10443101625e-05,-2.0188777853e-05,-2.58979071077e-05,-1.56145979417e-05,-7.83362065704e-06,-2.95754853141e-05,-1.59210921993e-05,-3.92541596739e-06,-8.56528204167e-05,277.644470215,277.644439697,277.64440918,277.64440918,277.644439697,277.644439697,277.644439697,277.64440918,277.644470215,277.644470215,277.64440918,277.64440918,277.64440918,277.64440918,277.644439697,277.644439697,277.644439697,277.64440918,277.644439697,2.87452030534e-06,2.88392243419e-06,2.88514297608e-06,2.89443596557e-06,2.87300440505e-06,2.86452041109e-06,2.87293232759e-06,2.87993225356e-06,2.91266405839e-06,2.92956656267e-06,2.91484161608e-06,2.87008606392e-06,2.89081344818e-06,2.94281721835e-06,2.83924373434e-06,2.8610343179e-06,2.88634487333e-06,2.91726792057e-06,2.86270460492e-06,0.00408243155107,0.00413095019758,0.00405344599858,0.00423939572647,0.00411476520821,0.00414347322658,0.00434500817209,0.00457042269409,0.00452434690669,0.00462735444307,0.00459636002779,0.00402584904805,0.00447787763551,0.00504267495126,0.00378737226129,0.0040581561625,0.00425508152694,0.00483401725069,0.00400065165013,243.75201416,243.652206421,243.827896118,243.532302856,243.770584106,243.644882202,243.305526733,242.84602356,243.045822144,242.910415649,242.854003906,243.783782959,243.008178711,242.216552734,244.192932129,243.63684082,243.272628784,242.292358398,243.829681396,-10.0361671448,-8.8394575119,-8.43428230286,-6.98951482773,-10.0338449478,-9.66195392609,-10.2668991089,-7.36820459366,-4.12474012375,0.551474511623,2.08489727974,-13.53373909,-14.1649370193,0.167185783386,-17.7665653229,-13.6246910095,0.0148311592638,6.6958732605,-8.65547275543,-0.524574756622,-0.959637701511,-0.90320533514,-0.526591539383,-0.399176955223,-0.252167910337,0.247511953115,-0.0893283188343,0.227917656302,0.326802045107,-0.25370901823,-0.657858252525,0.500081956387,1.3152436018,-0.921238303185,-0.675720691681,-1.30039775372,-1.52313041687,-0.073924601078
1,0.0,0.0,0.0,0.0,0.0,0.0,0.0,0.0,0.0,0.0,0.0,0.0,0.0,0.0,0.0,0.0,0.0,0.0,0.0,0.0,0.0,0.0,0.0,0.0,0.0,0.0,0.0,0.0,0.0,0.0,0.0,0.0,0.0,0.0,0.0,0.0,0.0,0.0,0.0,0.0,0.0,0.0,0.0,0.0,0.0,0.0,0.0,0.0,0.0,0.0,0.0,0.0,0.0,0.0,0.0,0.0,0.0,-1.68903970916e-05,1.14160809517e-06,2.29032593779e-06,-2.17159436033e-06,1.37216356961e-05,3.58543657057e-05,1.71327064891e-05,2.38530192291e-05,-2.5028050004e-05,-5.0701040891e-05,1.02610038084e-05,3.10526083922e-05,-0.000102988677099,-3.22398846038e-05,7.94056832092e-05,4.87815559609e-05,6.59610814182e-05,5.48561620235e-05,4.94362393511e-05,512.624023438,512.624023438,512.624023438,512.624084473,512.624145508,512.624084473,512.624145508,512.624084473,512.624023438,512.624023438,512.624084473,512.624145508,512.624084473,512.624084473,512.624145508,512.624145508,512.624145508,512.624084473,512.624145508,2.80059589386e-06,2.81700113192e-06,2.82202836388e-06,2.8341307825e-06,2.805378017e-06,2.80020731225e-06,2.79769187728e-06,2.80752533399e-06,2.84854354504e-06,2.88034630103e-06,2.88210708277e-06,2.77935714621e-06,2.79447908724e-06,2.89448166768e-06,2.73975274467e-06,2.76949822364e-06,2.78128436548e-06,2.84475390799e-06,2.74990361504e-06,0.0203288272023,0.0204846672714,0.0198670215905,0.0205924455076,0.0205017216504,0.0205575078726,0.0212169792503,0.0225450582802,0.0218006726354,0.0223205313087,0.0222519263625,0.020507030189,0.0213589984924,0.023069512099,0.0198058113456,0.0202921256423,0.0202933009714,0.0221068561077,0.0219053830951,235.624984741,235.574127197,235.867889404,235.649108887,235.618026733,235.561538696,235.319107056,234.781677246,235.162063599,235.057952881,235.048019409,235.441390991,235.180541992,234.809814453,235.581359863,235.472457886,235.454772949,234.947463989,234.813064575,-8.43151855469,-7.39086532593,-7.17626810074,-6.40352678299,-7.35757160187,-7.716796875,-7.43517684937,-6.72941493988,-4.51344013214,-2.07064414024,-1.53079819679,-11.7361450195,-12.5485906601,-0.964525222778,-15.3072414398,-16.5631599426,-9.42884731293,-2.52195072174,-8.14208030701,0.00632938276976,0.0715602189302,-0.0884040221572,0.18433611095,0.108329050243,-0.0474503934383,0.309218406677,0.38704842329,0.315944731236,0.32553717494,0.12742434442,0.0655807703733,0.276253283024,0.518717050552,-0.39910954237,-0.120182536542,-0.26875987649,-0.678179740906,1.05076396465
2,0.0,0.0,0.0,0.0,0.0,0.0,0.0,0.0,0.0,0.0,0.0,0.0,0.0,0.0,0.0,0.0,0.0,0.0,0.0,0.0,0.0,0.0,0.0,0.0,0.0,0.0,0.0,0.0,0.0,0.0,0.0,0.0,0.0,0.0,0.0,0.0,0.0,0.0,0.0,0.0,0.0,0.0,0.0,0.0,0.0,0.0,0.0,0.0,0.0,0.0,0.0,0.0,0.0,0.0,0.0,0.0,0.0,1.15133889267e-05,2.89587806037e-05,6.73934046063e-05,7.62982817832e-05,8.74918478075e-05,4.03503145208e-05,9.81887424132e-05,7.90487538325e-05,8.45271861181e-05,9.71849367488e-05,0.000101465346233,0.000136365604703,8.09378034319e-05,0.000101938916487,0.000121350138215,0.000116317081847,7.88539764471e-05,0.000101869292848,4.37150447397e-05,839.734680176,839.734741211,839.734741211,839.734680176,839.734741211,839.734619141,839.734680176,839.734619141,839.734558105,839.734619141,839.734680176,839.734741211,839.734680176,839.734619141,839.734741211,839.734741211,839.734741211,839.734680176,839.734741211,2.71882277048e-06,2.72598822448e-06,2.73318164545e-06,2.73833575193e-06,2.71496742243e-06,2.70851455753e-06,2.71776639238e-06,2.71742101177e-06,2.75333195532e-06,2.76440596281e-06,2.74305148196e-06,2.6988202535e-06,2.73027694675e-06,2.79043842966e-06,2.67071504823e-06,2.67808309218e-06,2.67027553491e-06,2.7168878205e-06,2.68162148132e-06,0.0885691717267,0.09418322891,0.0920005962253,0.0946342945099,0.0912230089307,0.0897680372,0.0890437960625,0.0926684141159,0.0964432135224,0.0992154628038,0.0960480496287,0.0884131640196,0.0887053236365,0.0995399653912,0.0847582295537,0.0863828957081,0.0925429388881,0.0972812175751,0.0938989967108,228.126556396,227.649169922,227.861816406,227.675720215,227.876266479,227.967681885,228.080963135,227.739318848,227.539459229,227.31854248,227.484893799,228.069549561,228.175247192,227.42024231,228.264434814,228.12512207,227.501556396,227.249145508,227.45300293,-4.92141056061,-4.21712017059,-4.70111751556,-4.88172769547,-4.14671278,-4.42995023727,-3.92909860611,-4.59022808075,-3.85847592354,-4.15277576447,-4.15803861618,-7.33420562744,-7.21232032776,-1.15026986599,-7.30569458008,-12.4480161667,-13.2126836777,-7.23886346817,-7.05982160568,0.0583625696599,0.276121616364,0.273029625416,0.351871013641,0.0878027975559,0.0764856413007,0.138347074389,0.221331983805,-0.174964949489,-0.264657467604,-0.0592432357371,-0.0900266692042,-0.216100931168,0.176893606782,-0.073790460825,-0.0428800433874,0.261155217886,-0.548379004002,-0.0870546400547
3,0.0,0.0,0.0,0.0,0.0,0.0,0.0,0.0,0.0,0.0,0.0,0.0,0.0,0.0,0.0,0.0,0.0,0.0,0.0,0.0,0.0,0.0,0.0,0.0,0.0,0.0,0.0,0.0,0.0,0.0,0.0,0.0,0.0,0.0,0.0,0.0,0.0,0.0,0.0,0.0,0.0,0.0,0.0,0.0,0.0,0.0,0.0,0.0,0.0,0.0,0.0,0.0,0.0,0.0,0.0,0.0,0.0,-4.43016178906e-05,3.69898475583e-06,9.62812773651e-05,4.01955658162e-05,3.89336491935e-05,9.69213433564e-05,0.000128191182739,2.17909819185e-05,6.38514466118e-05,1.60315612447e-05,5.00818059663e-05,3.45696498698e-05,0.000315630983096,0.000215811669477,8.46225157147e-05,0.000130568689201,0.000205660515348,0.000213876905036,-0.000211801321711,1211.37719727,1211.37731934,1211.37731934,1211.37731934,1211.37744141,1211.37731934,1211.37731934,1211.37744141,1211.3770752,1211.3770752,1211.37731934,1211.37744141,1211.37731934,1211.37731934,1211.37744141,1211.37731934,1211.37744141,1211.37731934,1211.37731934,2.6873317438e-06,2.67661744147e-06,2.68329040409e-06,2.68304097517e-06,2.67818768407e-06,2.67459904535e-06,2.67523751063e-06,2.66967731477e-06,2.6896966574e-06,2.69754832516e-06,2.67443647317e-06,2.66259462478e-06,2.67998984782e-06,2.70490227194e-06,2.65715516434e-06,2.64999289357e-06,2.64465711552e-06,2.65340509031e-06,2.67116320174e-06,0.403283089399,0.410132527351,0.408585190773,0.413697957993,0.412889540195,0.398092240095,0.410357832909,0.397590726614,0.418571829796,0.42857888341,0.396028727293,0.414278507233,0.424999982119,0.429550111294,0.402521550655,0.375728547573,0.346901267767,0.34441074729,0.405096948147,220.041397095,219.870117188,219.904083252,219.820495605,219.84677124,220.10748291,219.867584229,220.108886719,219.826675415,219.675643921,220.179748535,219.781890869,219.586547852,219.587493896,219.93321228,220.439056396,221.021392822,221.11100769,220.098907471,-3.68581843376,-3.27475118637,-4.12749814987,-4.87036085129,-3.11873984337,-3.58349370956,-3.19519162178,-3.72364902496,-4.2125878334,-5.95829582214,-6.79409456253,-4.74478769302,-4.29962587357,-1.51267719269,-1.56857395172,-9.11236000061,-13.9317913055,-8.98347568512,-5.48341608047,0.139280647039,0.23623624444,0.165703713894,0.248912885785,-0.147525712848,-0.243885219097,-0.0885343849659,-0.140055447817,0.00677756452933,0.0213812123984,-0.0365930348635,0.28539276123,0.371787160635,0.425599396229,0.417258799076,0.343672573566,-0.13412591815,-1.12674534321,0.357871979475
4,0.0,0.0,0.0,0.0,0.0,0.0,0.0,0.0,0.0,0.0,0.0,0.0,0.0,0.0,0.0,0.0,0.0,0.0,0.0,0.0,0.0,0.0,0.0,0.0,0.0,0.0,0.0,0.0,0.0,0.0,0.0,0.0,0.0,0.0,0.0,0.0,0.0,0.0,0.0,0.0,0.0,0.0,0.0,0.0,0.0,0.0,0.0,0.0,0.0,0.0,0.0,0.0,0.0,0.0,0.0,0.0,0.0,-7.42212796467e-05,-2.00875183509e-05,-1.22915798784e-05,-7.84099829616e-05,-1.58715811267e-05,0.000171924199094,0.000179149326868,6.62179400024e-06,4.50149163953e-05,7.23151315469e-05,0.000233571903664,0.000180800241651,5.49591641175e-05,3.62399805454e-05,0.000356744101737,0.000520325789694,0.000640571175609,0.000514551997185,-7.28820450604e-05,1519.83081055,1519.83093262,1519.83105469,1519.83105469,1519.83093262,1519.83117676,1519.83093262,1519.83093262,1519.83081055,1519.83093262,1519.83105469,1519.83093262,1519.83105469,1519.83105469,1519.83093262,1519.83105469,1519.83105469,1519.83105469,1519.83081055,2.93084281111e-06,2.91369906336e-06,2.90828370453e-06,2.89396598419e-06,2.90248794954e-06,2.8911690606e-06,2.86845852315e-06,2.87999819193e-06,2.88483715849e-06,2.86062413579e-06,2.83382860289e-06,2.92458412332e-06,2.89988361146e-06,2.86031263386e-06,2.94153619507e-06,2.87119974018e-06,2.85302439806e-06,2.79518394564e-06,2.98118106912e-06,2.00478887558,1.95009279251,1.96426093578,1.93843877316,1.92226111889,1.96767950058,1.96146631241,1.89431333542,1.89348876476,1.8771750927,1.85667252541,2.01759529114,2.0488884449,1.81855821609,1.94293451309,2.00014042854,1.81758975983,1.68240869045,2.01120686531,211.871368408,212.028152466,211.963989258,212.035522461,212.095916748,211.907363892,211.859725952,212.187561035,212.187255859,212.185684204,212.205764771,211.794769287,211.600204468,212.379547119,212.094604492,211.736831665,212.338302612,212.813430786,211.974334717,-2.41791677475,-2.45918416977,-3.16293096542,-3.65997505188,-1.99673759937,-2.62205648422,-1.48138904572,-2.62068367004,-3.03721642494,-4.80838298798,-5.25168180466,-2.45868372917,-1.85157859325,-1.26441478729,0.73814111948,-5.81892204285,-12.1943130493,-8.38352489471,-5.88338804245,0.143027871847,0.0736842304468,0.0748123154044,0.316335380077,-0.00160024373326,0.0874013900757,0.112779334188,0.232335671782,0.233803614974,0.390266954899,0.014772570692,0.26778703928,0.630895674229,0.841196000576,0.469229608774,0.509481847286,0.662988901138,-0.776244223118,0.195924028754
5,0.0,0.0,0.0,0.0,0.0,0.0,0.0,0.0,0.0,0.0,0.0,0.0,0.0,0.0,0.0,0.0,0.0,0.0,0.0,0.0,0.0,0.0,0.0,0.0,0.0,0.0,0.0,0.0,0.0,0.0,0.0,0.0,0.0,0.0,0.0,0.0,0.0,0.0,0.0,0.0,0.0,0.0,0.0,0.0,0.0,0.0,0.0,0.0,0.0,0.0,0.0,0.0,0.0,0.0,0.0,0.0,0.0,6.96724455338e-05,3.94684975618e-05,7.05904967617e-05,-3.47908680851e-05,0.000195144544705,7.70562619437e-05,-4.21719196311e-05,-9.95046575554e-05,0.000183233336429,0.000471923936857,0.000135991664138,0.000474599801237,0.000345989363268,-0.000266529852524,0.000544105598237,0.000543525733519,0.000701467855833,0.00074923603097,0.00073850544868,1745.59460449,1745.59484863,1745.5949707,1745.59509277,1745.59484863,1745.59472656,1745.59472656,1745.59484863,1745.5949707,1745.59509277,1745.59521484,1745.59472656,1745.59484863,1745.59521484,1745.59448242,1745.59484863,1745.59521484,1745.59533691,1745.59472656,3.31873980031e-06,3.30864918396e-06,3.29138379129e-06,3.26879239765e-06,3.28544865624e-06,3.30199918608e-06,3.30300235873e-06,3.27723228111e-06,3.20691310662e-06,3.13703139909e-06,3.10823565997e-06,3.35339473168e-06,3.33431603394e-06,3.15790725836e-06,3.46916385752e-06,3.35265735885e-06,3.1163233416e-06,3.0220651297e-06,3.34874994223e-06,10.5366954803,10.7880945206,10.4212255478,10.2338399887,10.4875459671,11.0279607773,11.1730947495,11.0621919632,9.91504001617,9.05443382263,9.39750862122,12.0732727051,11.5938825607,9.24229621887,13.6260175705,13.0224914551,10.7868919373,9.19120693207,11.9041233063,203.926528931,203.790847778,203.990081787,204.199462891,204.080627441,203.643814087,203.410949707,203.55960083,204.588088989,205.025848389,204.36895752,202.987548828,203.251602173,204.782836914,202.11706543,202.206481934,202.942123413,204.044006348,202.853851318,-1.81190490723,-2.14074993134,-2.37145853043,-2.54163503647,-1.97810137272,-1.9192057848,-1.75643599033,-2.70922088623,-2.45488333702,-2.74049496651,-2.05615735054,-2.38908815384,-3.02620148659,-1.63789916039,-0.835487484932,-3.63815736771,-6.13505983353,-4.7100520134,-4.82280826569,0.170851647854,-0.112104773521,0.0219242237508,0.220599576831,-0.153781458735,0.11454282701,-0.21414296329,0.0720901191235,0.725546836853,1.3436614275,0.226602762938,0.333308815956,0.576628029346,0.719537556171,0.197491586208,1.11169624329,1.33482265472,-0.47528424859,0.284571051598
6,0.0,0.0,0.0,0.0,0.0,0.0,0.0,0.0,0.0,3.79533721528e-28,2.63595329252e-27,0.0,0.0,0.0,0.0,0.0,5.36983203381e-27,1.78994407547e-27,0.0,0.0,0.0,0.0,0.0,0.0,0.0,0.0,0.0,0.0,0.0,0.0,0.0,0.0,0.0,0.0,0.0,0.0,0.0,0.0,0.0,0.0,0.0,0.0,0.0,0.0,0.0,0.0,0.0,0.0,0.0,0.0,0.0,0.0,0.0,0.0,0.0,0.0,0.0,0.000130427171825,0.000372363836505,0.000413787842263,-4.16647817474e-05,0.000175327906618,-0.000216514294152,-0.000324546504999,-0.000372412469005,-0.000228105171118,-6.07559013588e-05,-0.000934741052333,-0.000246293318924,-3.2258558349e-05,-0.00140789104626,-0.00113696523476,-0.00139803334605,0.000287039321847,0.00102717836853,-0.000825647963211,1737.78735352,1737.78735352,1737.7878418,1737.78771973,1737.78796387,1737.78796387,1737.78771973,1737.78771973,1737.78747559,1737.78759766,1737.78771973,1737.78759766,1737.78796387,1737.78808594,1737.78759766,1737.78759766,1737.7878418,1737.78771973,1737.78771973,3.31625074068e-06,3.34716128236e-06,3.31981391355e-06,3.32342165166e-06,3.31404612552e-06,3.3361638998e-06,3.35369395543e-06,3.31471414938e-06,3.30294506057e-06,3.31104979523e-06,3.31496539729e-06,3.37240226145e-06,3.29340514327e-06,3.19816945193e-06,3.3738831462e-06,3.40612223226e-06,3.27274301526e-06,3.24980737787e-06,3.36546304425e-06,47.2537231445,46.1647071838,44.8318862915,42.1501502991,43.5367355347,45.1982154846,43.647819519,44.5581741333,40.6134033203,38.2054138184,40.8761787415,54.0401687622,51.0014305115,36.9838638306,60.8175125122,57.6448898315,54.5581130981,42.7373542786,58.830329895,196.261627197,196.416931152,196.49899292,197.167556763,196.979766846,196.75932312,196.889526367,196.781173706,197.823547363,198.369934082,197.355285645,195.045166016,195.85383606,198.506164551,194.167419434,194.572113037,194.640335083,196.510177612,194.419021606,0.268278777599,-0.147774145007,-0.0968853756785,-0.0702035799623,-0.178000852466,-0.0911416336894,-0.11897791177,-0.699746370316,-0.419689685106,-0.131091043353,0.600740730762,-1.62041020393,-3.29937672615,0.41366314888,0.0895134210587,-2.06726312637,-1.79304182529,-1.58216392994,-2.9974386692,0.0228822473437,0.0329066962004,0.229549899697,0.323984116316,-0.121109262109,-0.137916699052,-0.823868095875,-0.166837081313,1.20956766605,2.00543498993,-0.0909752473235,0.99535626173,2.70997214317,2.18174362183,2.23932790756,2.08119702339,1.06397080421,-1.04247438908,0.427846729755
7,1.97839672821e-23,8.45288717417e-25,6.6301170634e-25,5.17863826599e-26,1.05278236744e-23,5.79791434539e-23,7.55940351251e-23,2.08369827357e-28,9.20000017362e-27,1.15823816778e-26,4.67331494888e-24,2.14709757622e-26,1.32636253042e-26,0.0,3.36185104889e-24,3.3618589375e-24,8.24580285305e-29,1.81672185875e-26,1.74495204246e-21,0.0,0.0,0.0,0.0,0.0,0.0,0.0,0.0,0.0,0.0,0.0,0.0,0.0,0.0,0.0,0.0,0.0,0.0,0.0,0.0,0.0,0.0,0.0,0.0,0.0,0.0,0.0,0.0,0.0,0.0,0.0,0.0,0.0,0.0,0.0,0.0,0.0,0.0,0.000380982586648,0.00111214420758,0.000721280637663,0.000328689842718,0.00052916049026,-8.88516733539e-05,-0.000123893594719,0.000626564142294,5.88417060499e-05,1.02823023553e-05,-0.00117884238716,-0.000126904225908,-0.000555040081963,-0.00212812237442,9.66653169598e-05,-0.000502669077832,0.000419715186581,0.00134653889108,-0.00365244364366,1423.95837402,1423.95849609,1423.95849609,1423.95837402,1423.95837402,1423.95837402,1423.95849609,1423.95837402,1423.95837402,1423.95837402,1423.95849609,1423.95874023,1423.9588623,1423.95812988,1423.95861816,1423.95874023,1423.95837402,1423.95812988,1423.95825195,2.76260038845e-06,2.7528251394e-06,2.75591833088e-06,2.81811730929e-06,2.78005404653e-06,2.76520563602e-06,2.81370330413e-06,2.8249519346e-06,2.87200577986e-06,2.87596185444e-06,2.77762205769e-06,2.61286277237e-06,2.55282770922e-06,2.92083177555e-06,2.58782915807e-06,2.60524825535e-06,2.83308031612e-06,2.95186123367e-06,2.95214567814e-06,88.1487121582,82.7793884277,82.5903778076,77.8085327148,77.9195556641,75.5992736816,78.3718795776,69.9510116577,66.1229553223,63.116859436,73.140838623,87.9649124146,79.3725662231,56.1458358765,85.0057220459,88.5892944336,112.078781128,85.3926391602,76.950843811,192.653533936,192.906356812,192.841323853,193.59703064,193.617523193,193.589797974,193.480743408,194.34602356,194.974349976,195.27947998,193.743759155,191.580780029,192.529174805,196.17086792,191.722976685,191.491073608,190.609481812,193.072998047,193.546844482,2.05725216866,0.924847126007,2.2174077034,2.07260799408,1.81571006775,1.2810614109,0.898298621178,-0.300275683403,2.10374283791,2.51307725906,2.34598255157,0.57249212265,-1.7649616003,4.3617978096,1.44895076752,-2.78408789635,-3.28745245934,-1.85181009769,-1.49176335335,-0.730183243752,-1.04088020325,-1.18281507492,-0.580285251141,-0.206546038389,-0.910969018936,-1.29785335064,-1.26190054417,1.05381131172,0.874606430531,-0.210205152631,-0.37507930398,0.394376128912,0.35947072506,-0.399967998266,-0.401403725147,0.341782808304,-1.63514137268,0.01726366207
8,3.19887420025e-23,8.5594826193e-22,1.34606886132e-23,1.24664911586e-23,1.94372644919e-23,1.64198021097e-23,9.27049772065e-24,9.35489889554e-23,1.080966001e-22,3.02464121368e-24,2.29874446435e-23,4.1226825113e-22,1.97106619264e-26,0.0,9.14004930847e-21,9.14060183927e-21,1.1750449264e-25,7.18446600219e-22,1.08438571934e-21,7.01423674698e-09,4.54959625529e-09,2.96364865982e-09,5.45797895768e-09,1.34487587733e-09,2.37510242584e-08,3.25261773071e-08,0.0,5.62514692604e-08,2.44207910782e-07,4.86148451273e-07,0.0,1.25202049617e-07,0.0,2.44530315996e-08,1.4607219434e-08,2.52598465522e-06,8.41994904022e-07,-1.84158977845e-07,-4.2130596789e-09,1.0027303432e-08,-8.4504125919e-10,1.71668119719e-08,1.88901871923e-08,2.90551005477e-09,4.78306194651e-09,0.0,4.67655958403e-08,2.1487072388e-07,8.27248413771e-07,0.0,9.95480533561e-08,0.0,-1.97558436277e-09,1.29126069837e-08,-1.64013056292e-06,-5.46710168692e-07,4.01361006652e-07,0.000407822371926,0.000303613371216,7.55531073082e-05,0.00064687221311,0.000653734779917,-0.000307086273097,-0.000347424094798,0.00124857854098,0.00150595267769,-0.000228696939303,-0.00213013007306,0.00199829181656,-0.00100894283969,-0.00125833333004,0.00389350485057,0.00339544471353,-0.000457724847365,0.00167553359643,0.00515006156638,1675.21325684,1675.21337891,1675.21313477,1675.21325684,1675.2130127,1675.21325684,1675.21337891,1675.21337891,1675.21289062,1675.2130127,1675.21313477,1675.21362305,1675.21325684,1675.21252441,1675.21350098,1675.21386719,1675.21411133,1675.21350098,1675.2142334,2.27929649554e-06,2.15745762944e-06,2.21564437197e-06,2.18529226004e-06,2.19706271309e-06,2.1205057692e-06,2.11731889976e-06,2.08952496905e-06,2.23473784899e-06,2.19832872972e-06,2.16925150198e-06,1.96414475795e-06,2.18133527596e-06,2.57485021393e-06,2.03288414014e-06,1.76130834006e-06,1.58666557581e-06,2.01063744498e-06,1.55836994509e-06,96.3387451172,92.6039276123,88.584602356,78.5323944092,83.9310302734,94.8073883057,87.807220459,75.4630050659,69.5781555176,75.179107666,85.2966918945,89.2876434326,96.8587265015,60.3798751831,97.8880996704,103.811096191,118.56678009,82.2177963257,84.7727355957,191.888519287,191.832550049,192.131286621,192.914352417,192.717346191,191.611999512,191.940093994,192.947158813,193.913131714,193.347518921,192.48348999,191.092651367,191.233108521,195.588562012,190.384658813,189.129379272,187.650588989,191.855178833,189.984802246,3.59311008453,2.16100335121,4.47116041183,4.4402346611,3.77150893211,1.2317160368,0.590473473072,0.404977053404,4.98799228668,3.2116830349,4.04435825348,2.60747337341,0.390407323837,6.57692337036,0.838631391525,-3.5832901001,-1.36086606979,0.261032253504,-3.25850009918,-0.564258813858,-1.28934240341,-1.26406764984,-1.31750416756,0.344650626183,-0.149068042636,-1.12676680088,-1.93720376492,1.32777774334,0.98908495903,0.315352499485,-0.766887843609,-1.27918303013,0.199528247118,-1.61654722691,-3.34721255302,-1.18870723248,-2.12052989006,2.46875572205
9,1.54526202625e-14,7.98089943606e-15,9.41267734329e-15,7.69726699001e-21,7.48472938901e-14,1.15233021828e-14,1.09691146736e-21,1.73657946409e-21,1.44375651751e-21,8.91723964787e-21,1.72213575161e-20,1.06496313082e-20,3.94168969833e-21,1.0672429767e-22,1.60717836968e-25,2.90327806955e-25,5.82404646728e-23,8.05892828683e-22,1.44133556019e-20,2.41192964268e-07,1.63501340467e-06,7.81132996508e-07,-1.12878899472e-06,-5.33919376267e-07,1.23146310216e-06,1.6780511487e-06,-2.97124849169e-08,4.61816262032e-06,2.4715815016e-05,-4.00971293857e-06,-1.95569805328e-06,4.57491432826e-06,-2.83082279839e-10,8.08284676168e-06,8.34987258713e-06,6.63623577566e-05,2.21207865252e-05,-3.11828262056e-05,-1.9143242298e-06,-5.24995130036e-07,3.29239071561e-07,3.52790578972e-07,1.93717983166e-06,2.58611532189e-08,-4.91820458137e-07,4.6172800694e-08,2.62564071818e-06,3.65190453522e-06,3.09013489641e-06,2.15281332316e-07,-1.075648197e-05,-3.04171909882e-09,2.90429647976e-06,4.41892416347e-06,-0.000243365604547,-8.11218706076e-05,-1.57177000801e-05,-0.00256669847295,-0.00383912655525,-0.00257023982704,-0.000885041430593,-0.00345514668152,-0.00951017532498,-0.00736478948966,-0.00412584282458,-0.00611199112609,-0.0133124440908,-0.013210398145,-0.00682556442916,-0.0138822058216,-0.00359472027048,-0.0114201214164,-0.0174984633923,-0.0156217161566,-0.00319654797204,-0.00213092658669,1970.80053711,1970.80053711,1970.80065918,1970.80078125,1970.80065918,1970.80065918,1970.80053711,1970.80078125,1970.80065918,1970.80029297,1970.79907227,1970.80126953,1970.80065918,1970.80078125,1970.80126953,1970.80126953,1970.79211426,1970.79833984,1970.8013916,2.7044845865e-06,2.64509390036e-06,2.66987899522e-06,2.59297371485e-06,2.61214086095e-06,2.70165264737e-06,2.62929665951e-06,2.54716178461e-06,2.60434239863e-06,2.56364387496e-06,2.59067132902e-06,2.2824719963e-06,2.53379926107e-06,2.61392710854e-06,2.21505638365e-06,2.23004326472e-06,1.83270719845e-06,2.13715452446e-06,1.73993544195e-06,100.81476593,99.8830108643,98.6567611694,89.8397445679,95.3994293213,109.704940796,104.931335449,94.0546875,85.1139755249,87.3024215698,91.2744979858,116.175598145,114.925445557,68.043800354,127.345901489,142.680358887,134.565704346,84.6728286743,93.8195877075,193.644744873,193.559143066,193.686645508,194.313049316,194.06741333,193.433746338,193.564453125,194.23223877,195.266036987,194.94468689,194.618850708,191.304336548,192.412475586,196.546386719,190.338897705,189.62878418,188.976470947,193.466842651,191.118103027,5.93716859818,4.72014904022,7.01277112961,6.69770050049,5.67991924286,4.02415037155,2.87557029724,2.81395554543,7.73627948761,5.43878221512,3.96993899345,2.06784677505,5.42799806595,11.0149841309,6.9002199173,1.35362482071,3.41847085953,3.76610565186,-3.83890628815,-0.825182020664,-0.688383877277,0.109371364117,-1.0311139822,0.626934587955,0.740517318249,-0.347361147404,-2.07917308807,0.403218448162,2.54989743233,0.552954673767,-0.254480361938,-0.211641311646,0.0141153931618,-0.254643082619,-2.15059328079,-4.78294658661,-3.14783573151,0.598592162132
10,1.49496875382e-12,2.80539892532e-12,1.99921676436e-12,1.39517228066e-12,4.22627427846e-13,1.11654137756e-17,5.00164127786e-20,1.97521693329e-18,3.13350853587e-19,8.41604238556e-13,8.16441240633e-16,6.2944383556e-28,1.92864235866e-12,1.55247894002e-19,4.47470622503e-20,5.35030787036e-12,1.88292221435e-19,8.40283153456e-20,7.25131146512e-20,-1.17165302527e-06,-1.36676578677e-06,1.99401085865e-07,3.26554641106e-06,-8.48449076329e-07,-3.15063539347e-06,-7.40119958209e-06,-1.8281773464e-06,-1.04290006675e-06,1.0180906429e-05,-7.14621592124e-06,-3.41658960679e-06,-1.56643764058e-05,-2.2899648684e-06,-3.18090133078e-06,1.35899726956e-05,2.7416885132e-05,1.01888281279e-05,-1.08521553557e-05,1.46254387801e-06,2.37604945141e-06,-3.33235107064e-06,1.31307842821e-06,-4.65137964056e-06,8.96747280876e-07,-2.70586065199e-06,2.49352046922e-06,2.94137225865e-06,1.28877127281e-05,4.52078938906e-06,3.9156369894e-05,1.31655169753e-05,2.37690528593e-07,1.13732603495e-05,2.35660791077e-05,3.13450764224e-05,9.18017940421e-06,-2.06843233173e-05,-0.0102946488187,-0.0136572178453,-0.011700806208,-0.00918889511377,-0.0203797966242,-0.0335647724569,-0.0286546833813,-0.0225063152611,-0.0351845622063,-0.0480008162558,-0.0432991795242,-0.0462550744414,-0.0521869920194,-0.0185424219817,-0.0611055716872,-0.0856764242053,-0.068430967629,-0.0252878293395,-0.0532437674701,2318.54077148,2318.54003906,2318.54003906,2318.54101562,2318.5390625,2318.53759766,2318.53808594,2318.53930664,2318.53881836,2318.53564453,2318.53320312,2318.53173828,2318.53393555,2318.54052734,2318.53588867,2318.53271484,2318.52563477,2318.53540039,2318.53881836,5.44139948033e-06,5.76073989578e-06,5.76609318159e-06,5.27776364834e-06,5.87505519434e-06,6.36227287032e-06,6.21349454377e-06,5.8831296883e-06,5.62071818422e-06,6.05143895882e-06,6.4190262492e-06,7.01005137671e-06,6.85945497025e-06,5.51705352336e-06,7.17081957191e-06,7.70728365751e-06,6.34572779745e-06,5.83147584621e-06,5.30791385245e-06,93.6739273071,100.925338745,102.072883606,92.3613967896,106.830505371,113.416816711,112.396156311,101.549530029,93.8427505493,99.5867843628,110.163780212,138.073242188,120.941986084,83.3400878906,130.448440552,148.546096802,133.422729492,102.949058533,111.506752014,199.35496521,199.200592041,199.132766724,199.497848511,199.153503418,199.267288208,199.264328003,199.835876465,200.142242432,199.794021606,199.62588501,198.026702881,198.864578247,201.061279297,198.336578369,197.996795654,197.458953857,198.962631226,197.622940063,7.34481334686,6.19166135788,9.1312084198,8.88637065887,6.22931480408,5.80712175369,4.19709682465,4.78470611572,8.87941455841,8.29417896271,6.13200235367,3.06963968277,6.36539268494,14.4845228195,8.1155872345,2.06719326973,3.15472984314,4.94580888748,-2.6542468071,-1.49808251858,-1.58305191994,-0.978327393532,-1.70203304291,-0.516066014767,-0.244362860918,-1.31480848789,-2.86262464523,-1.20000660419,1.50458061695,-0.688199281693,-0.783297121525,-0.858553230762,-2.6329240799,-1.77826166153,-2.34548997879,-6.90145301819,-4.01764440536,-1.60545551777
11,9.51897089797e-13,2.28619675274e-11,9.34883420678e-12,1.94820830475e-14,3.16616524665e-12,2.67918603969e-11,2.24300977097e-11,1.03353558351e-11,5.58187004241e-15,9.95486177757e-14,1.88972310022e-11,1.60241083098e-14,2.57523138963e-14,3.97903335503e-16,6.5442834884e-16,1.39259576093e-11,0.0,2.76829206201e-18,4.2621521096e-22,1.59999956395e-06,3.70488010049e-06,-5.97224516241e-06,-2.01178795578e-06,-1.26606591948e-05,-2.25476924243e-05,-1.57883750944e-05,-1.01517689473e-05,9.38169068831e-06,-1.52671636897e-05,1.46650900206e-05,-1.73575463123e-05,-4.44079487352e-05,-2.46800427703e-05,-3.01902309729e-06,-3.58270699508e-05,-5.97928883508e-05,-7.04741250956e-06,-2.17261622311e-05,3.57927478944e-06,6.65653089982e-07,4.47092634204e-06,4.25965163231e-06,-8.46618058858e-06,-4.72085957881e-06,-1.87455025298e-05,3.42590084301e-07,6.39648578726e-06,6.93355423209e-06,3.3086341773e-06,-2.8529928386e-05,1.41942691698e-05,-5.46871569895e-06,5.12235092174e-05,6.7001208663e-05,5.75594967813e-05,1.54986992129e-05,-4.6774319344e-05,-0.0197065677494,-0.0306040681899,-0.0314588695765,-0.0275663342327,-0.0504921637475,-0.0677452608943,-0.0647238716483,-0.0536970645189,-0.0809283554554,-0.0986210554838,-0.0874345973134,-0.108183711767,-0.105391792953,-0.0509359799325,-0.123796746135,-0.17750570178,-0.166706055403,-0.0729658231139,-0.12989833951,2727.6171875,2727.61157227,2727.60913086,2727.61108398,2727.60180664,2727.59814453,2727.59619141,2727.60253906,2727.59912109,2727.58764648,2727.57910156,2727.5690918,2727.57641602,2727.61035156,2727.59057617,2727.5546875,2727.5637207,2727.59008789,2727.58886719,1.32368677441e-05,1.50236837726e-05,1.52709471877e-05,1.43208417285e-05,1.64194407262e-05,1.80779352377e-05,1.81786235771e-05,1.64834527823e-05,1.58735529112e-05,1.71808133018e-05,1.87110472325e-05,2.23549177463e-05,2.09016161534e-05,1.52474676725e-05,1.99248679564e-05,2.42754831561e-05,2.05759988603e-05,1.77866677404e-05,1.77052625077e-05,86.752494812,98.0397720337,102.724868774,96.8100814819,111.216514587,115.516159058,118.237266541,106.974822998,101.704833984,114.482543945,122.719238281,141.605041504,127.88167572,102.290603638,116.113525391,149.401779175,134.613739014,125.839546204,120.744598389,206.538421631,206.497573853,206.2787323,206.353271484,206.258117676,206.565734863,206.409927368,206.711837769,206.763000488,206.032775879,206.289550781,206.513671875,206.539901733,206.429901123,206.997192383,206.745330811,206.211837769,205.65953064,205.948348999,7.62233734131,6.94037628174,9.75241088867,9.59719085693,6.54572105408,5.86659908295,4.23371601105,5.4946231842,10.2430276871,10.5904636383,8.81296920776,4.30927848816,6.10848665237,15.271566391,6.56365013123,2.04551029205,3.45563578606,6.40313529968,-2.76282763481,-1.49256443977,-1.9630548954,-1.75799179077,-2.38348793983,-1.07600498199,-1.02375280857,-2.10952949524,-3.81920075417,-1.90542280674,0.439866423607,-1.7746732235,-0.893848121166,-1.7700959444,-6.40094470978,-1.76958584785,-1.20177006721,-7.28586673737,-4.82588005066,-1.61574757099
12,1.42768062997e-11,5.73140077065e-11,5.66637917143e-11,6.494729754e-11,2.04773323298e-10,2.63331245698e-10,1.35563879566e-10,9.8216823563e-11,4.16517875745e-10,1.87536638996e-10,4.70068206582e-10,5.46647671573e-10,9.62557256123e-10,9.58261317519e-11,3.73553271649e-10,3.60377505615e-10,2.93842380983e-11,9.80321639837e-12,3.14601872331e-10,-6.78278070154e-07,-1.17077149753e-06,-1.31946708279e-05,-1.06125344246e-05,-4.97692235513e-06,-1.30483531393e-05,-1.74253182195e-05,-3.57835488103e-05,-2.24980067287e-05,-1.75947534444e-05,3.26474983012e-05,-4.18921990786e-05,-0.000103751808638,-0.000153331464389,-0.000133164838189,-9.1365793196e-05,-7.97845932539e-05,-4.38367278548e-05,1.82031035365e-05,-3.07622894979e-06,-5.46593298623e-07,4.86632143293e-06,1.43849808865e-06,-5.25373070559e-06,-7.7875279203e-07,-1.77360766429e-06,-1.49320067067e-06,9.90339503915e-06,-7.52965343054e-06,1.61981479323e-05,-2.09020836337e-05,-1.1565344721e-05,-2.28767967201e-05,-1.63313725352e-05,-5.85286034038e-06,2.6784824513e-05,-8.63870536705e-06,-2.18937002501e-05,-0.0274176746607,-0.0510089062154,-0.0590660087764,-0.0542509965599,-0.0853612497449,-0.105062752962,-0.108666919172,-0.09046921134,-0.129606559873,-0.155787050724,-0.135480478406,-0.169419854879,-0.152496621013,-0.0931755825877,-0.173157513142,-0.262573689222,-0.293386697769,-0.141025796533,-0.218583270907,3244.2578125,3242.98779297,3244.97045898,3248.67163086,3244.96191406,3241.74633789,3247.59814453,3247.3605957,3252.37011719,3253.81884766,3252.65258789,3244.20898438,3246.18774414,3260.63110352,3239.34423828,3241.04443359,3251.75097656,3252.01977539,3249.44360352,3.23518361256e-05,4.00437020289e-05,4.21749136876e-05,4.13734705944e-05,4.61934614577e-05,4.96254360769e-05,5.03841692989e-05,4.72661413369e-05,4.42191812908e-05,4.65682896902e-05,5.29482640559e-05,6.1733291659e-05,5.80819796596e-05,4.46786289103e-05,5.81966596656e-05,6.27348636044e-05,6.12404037383e-05,5.29279459442e-05,5.07051408931e-05,77.1424102783,93.7360458374,102.176437378,101.658073425,107.863723755,112.2447052,115.229690552,109.704139709,104.43006134,112.870887756,123.489898682,126.859077454,123.762359619,119.590209961,113.296646118,121.509712219,123.965896606,132.356277466,116.324584961,214.708526611,214.750457764,214.479751587,214.315231323,214.57723999,214.802154541,214.790267944,214.71875,214.314361572,214.072158813,214.574493408,215.793395996,215.324508667,213.41003418,216.282440186,216.34854126,215.93107605,214.249450684,214.928588867,7.13567495346,6.46709775925,8.93444824219,9.06707286835,6.18860816956,5.43153810501,3.65353965759,5.53355264664,10.7035827637,10.6998605728,9.12633228302,3.90185618401,4.50525903702,14.1590986252,3.34754872322,1.04958117008,3.89048051834,7.44826889038,-3.00891280174,-1.79217576981,-2.07996082306,-2.27617669106,-2.62502217293,-1.5253380537,-1.83177816868,-2.68963336945,-4.39556789398,-3.19604492188,-0.421237051487,-2.92931723595,-0.918540835381,-2.15223574638,-9.30212211609,-1.52164578438,-0.838900446892,-7.15448379517,-5.55897712708,-0.557674884796
13,3.10113851265e-10,5.44514044964e-10,6.48698039729e-10,6.58775867191e-10,1.11824616233e-09,2.08833350612e-09,3.25769589082e-09,2.03572536606e-09,2.98506908081e-09,3.41453176844e-09,5.11927966684e-09,6.4782867959e-09,3.13961767695e-09,6.45894115969e-10,4.12929113125e-09,5.34315480749e-09,1.35857158856e-09,5.36270416962e-10,9.78478742475e-10,-4.60354249299e-06,2.22662401939e-06,-1.23555764731e-05,-1.09283027996e-05,6.47530259812e-06,1.94214262592e-05,-5.36578272659e-06,-1.33284356707e-05,-7.02241050021e-06,6.9003937142e-07,9.35923344514e-06,1.19622600323e-05,-1.08930335045e-05,5.09933161084e-05,-4.71070270578e-05,-3.72850845451e-05,-6.75741248415e-05,2.3136017262e-06,0.000100341523648,2.86000181404e-06,-1.40315160024e-06,1.25406722873e-06,-2.65748053607e-06,1.00252509583e-05,7.50591198084e-06,2.25834846788e-05,-2.12816507883e-06,6.83497228238e-06,-2.62341764028e-05,-3.29689028149e-05,6.41528367851e-06,-6.97303266861e-06,8.02990689408e-06,-6.66960331728e-05,-5.07531221956e-05,1.84782802535e-05,2.84502220893e-05,3.00930296362e-05,-0.0326004438102,-0.0685478821397,-0.0875814110041,-0.0831606164575,-0.117437757552,-0.137436717749,-0.149093851447,-0.126413121819,-0.168662756681,-0.206497266889,-0.1798414886,-0.215713381767,-0.185865327716,-0.141477301717,-0.207122266293,-0.328297525644,-0.418229669333,-0.216530010104,-0.306792914867,3816.50341797,3814.97753906,3817.28662109,3821.63867188,3817.25390625,3813.46362305,3820.34228516,3820.09375,3825.98706055,3827.6574707,3826.28076172,3816.35668945,3818.73120117,3835.76904297,3810.66308594,3812.56640625,3825.05712891,3825.38549805,3822.32250977,8.3281454863e-05,9.89319232758e-05,0.000106856343336,0.000105501851067,0.000116423972941,0.000122106386698,0.000126870727399,0.000115785267553,0.000113260452054,0.000123939011246,0.000130531043396,0.000143549303175,0.00012135956058,9.8427204648e-05,0.000124778787722,0.000149291343405,0.000166265526786,0.000145586222061,0.000148504928802,74.6996917725,89.6253738403,96.7707519531,97.3920593262,100.873558044,103.046226501,103.827346802,97.8377838135,99.2033996582,106.492195129,114.115844727,109.824493408,105.376243591,107.642990112,103.003829956,110.235748291,112.664115906,121.521858215,117.301612854,223.451629639,223.405822754,223.332427979,223.079666138,223.394866943,223.680557251,224.012420654,223.698013306,223.11000061,223.306259155,223.648208618,224.867980957,223.668838501,221.884078979,224.177520752,225.096878052,225.960189819,224.083740234,224.576965332,6.22523355484,5.40457391739,7.44639348984,7.74385595322,5.23255729675,4.33147239685,2.77999067307,4.65734004974,9.37174320221,8.99819564819,7.49825382233,3.13028860092,3.10067176819,11.3522319794,1.8438911438,0.782869935036,4.40282726288,8.1378068924,-2.49628019333,-1.77297592163,-1.37733948231,-1.93787205219,-2.15540742874,-1.5713493824,-2.09977889061,-2.87867236137,-4.06452941895,-3.64888763428,-0.393780767918,-3.03913211823,-0.65048623085,-1.77055025101,-9.655834198,-0.0294392108917,-0.169923186302,-7.06677961349,-5.51613283157,0.534985780716
14,9.1178881112e-10,2.03519956443e-09,2.77259815107e-09,2.6466711045e-09,4.73111327892e-09,4.643898599e-09,5.36075139834e-09,3.32791461055e-09,4.10096800962e-09,8.24002821531e-09,7.60534479838e-09,6.13342532318e-09,8.28037105549e-09,1.18339216204e-09,4.02548661071e-09,1.14031291076e-08,8.12716383081e-09,6.03138161637e-09,5.22712806372e-09,-8.52372522786e-06,-8.18770513433e-06,-4.96959819429e-06,-6.20748642177e-06,-2.0027428036e-06,-2.44612920142e-07,3.00287883874e-05,3.40578044415e-05,-5.63166940992e-05,-5.75332742301e-05,-1.48658837134e-05,-1.0517870578e-05,4.40934381913e-05,2.70462296612e-05,7.03667901689e-05,4.32826273027e-05,4.50248553534e-05,5.67216966374e-06,6.83549842506e-06,2.94655887956e-06,6.84458564137e-06,9.51828587858e-06,1.15216580525e-05,1.72546751855e-05,4.67978310326e-07,-2.57204533227e-07,-5.03749606651e-06,-2.02443025046e-05,8.78890915601e-08,-1.87095465662e-05,1.90001028386e-05,2.29687339015e-05,3.90561399399e-05,1.23720319607e-05,-2.23260740313e-05,1.98049638129e-05,1.04203490991e-05,3.06734364131e-05,-0.0360888503492,-0.0769903510809,-0.106115087867,-0.10652462393,-0.137115910649,-0.156710803509,-0.17473629117,-0.154032871127,-0.193704277277,-0.237185463309,-0.211658790708,-0.239726632833,-0.207699224353,-0.192368775606,-0.230742022395,-0.362617790699,-0.506040275097,-0.284772694111,-0.378384888172,4489.50244141,4487.56005859,4490.20849609,4495.39208984,4490.16308594,4485.70263672,4493.74511719,4493.46875,4500.32714844,4502.28320312,4500.66357422,4488.98144531,4491.87841797,4511.99462891,4482.36914062,4484.28417969,4498.78173828,4499.41992188,4495.78808594,0.000175586596015,0.000222275761189,0.000244708178798,0.00023121254344,0.000257529580267,0.000262804242084,0.000276420818409,0.000261314417003,0.000265895068878,0.000281056913082,0.000285026850179,0.000288548792014,0.000268995790975,0.000214267522097,0.000266931194346,0.000368462060578,0.000428039958933,0.000357325334335,0.000363832747098,64.686088562,80.6536941528,86.8726196289,83.5429611206,89.8097229004,91.0270462036,96.8498153687,89.6378555298,101.642845154,106.454627991,105.819419861,98.7523345947,88.4795303345,96.7804489136,91.7880554199,106.520454407,105.310722351,107.447540283,103.865005493,232.435241699,232.537918091,232.649520874,232.319396973,232.378768921,232.546401978,232.654998779,232.680389404,231.849197388,231.834396362,232.320068359,233.164581299,233.128982544,230.796447754,233.116531372,234.607299805,236.155181885,234.167068481,234.674133301,5.03403949738,4.14497947693,5.95376777649,5.71052503586,3.73941445351,2.49784684181,0.844982624054,2.61075043678,6.77857398987,6.00020647049,5.75588750839,1.82419013977,0.672823250294,7.38688468933,0.191880047321,0.300936818123,4.18405866623,8.56650829315,-2.37198734283,-1.45653903484,-0.722733259201,-1.77785849571,-1.87620794773,-1.82525897026,-2.2416305542,-2.68525505066,-3.25564670563,-3.52585339546,0.0182056427002,-1.97934043407,-0.382732152939,-1.48256218433,-8.00726318359,1.09834122658,0.382190346718,-7.20025587082,-5.45130777359,0.998496294022
15,3.19720672159e-09,5.07793984639e-09,7.22587589763e-09,5.99005156587e-09,9.30937105181e-09,9.29425780782e-09,7.30074400934e-09,7.93188981163e-09,8.68064287118e-09,1.31145521109e-08,1.38099993663e-08,1.53388199919e-08,8.14995093634e-09,4.75981964954e-09,8.50405612596e-09,1.81010815226e-08,1.56262025541e-08,2.08935180268e-08,1.82916650715e-08,-9.45591091295e-06,-1.13999976747e-05,-1.20556251204e-05,-1.64973807841e-05,-1.46905840666e-05,-7.10621088729e-06,3.77051628675e-06,-2.21548998525e-05,-6.81008850734e-06,1.53188102558e-05,-3.25461332977e-05,-2.65979724645e-05,8.29145221815e-07,-7.23433913663e-07,-1.74361157406e-05,-7.75004446041e-05,3.14629360219e-05,-3.11624062306e-05,-5.16354484716e-05,1.1721873534e-06,2.13250837078e-06,1.67910479831e-06,-5.9298446331e-07,-4.42139344159e-06,-1.53104610945e-05,-1.13210071504e-05,1.89972270164e-05,2.42216283368e-05,1.48566405187e-05,1.361539762e-05,-2.13968596654e-05,-2.28926364798e-06,6.52462404105e-06,1.66526442626e-05,-3.1116498576e-05,4.98059364418e-07,-1.03288393802e-05,1.166507991e-05,-0.0404502153397,-0.07856618613,-0.111915417016,-0.122880764306,-0.145271599293,-0.161907106638,-0.183138906956,-0.171645775437,-0.208316579461,-0.245113626122,-0.229778364301,-0.246785074472,-0.219122171402,-0.239373475313,-0.243563830853,-0.359716355801,-0.532390713692,-0.330258756876,-0.41543507576,5280.75927734,5278.28759766,5281.27587891,5287.39990234,5281.08642578,5275.83398438,5285.1015625,5284.93945312,5292.79394531,5295.08886719,5293.19677734,5279.47949219,5283.53710938,5307.22265625,5272.39111328,5273.58886719,5289.20263672,5290.62353516,5286.12597656,0.000347849651007,0.000428179540904,0.000472606392577,0.000451585015981,0.000512997095939,0.00052105874056,0.000572890741751,0.000522914458998,0.000570924952626,0.000579792133067,0.000585916510317,0.000598175800405,0.000438415823737,0.000387770938687,0.000445193552878,0.000725213612895,0.00102572736796,0.000850603159051,0.000892121403012,54.9882354736,67.5925750732,75.45728302,73.1909332275,81.2648773193,79.1497955322,89.8171386719,80.2806472778,92.9100646973,98.2783584595,91.9007949829,82.7509841919,69.8710098267,74.842124939,62.9749641418,95.8458328247,104.423980713,102.908531189,104.562561035,241.804931641,241.810211182,241.669876099,241.445236206,241.485092163,241.903945923,241.659057617,241.905593872,241.164001465,240.776473999,241.780487061,242.971405029,241.985946655,240.491790771,242.77331543,243.311935425,246.006210327,244.143844604,244.48727417,3.73898720741,2.93592119217,4.61194181442,4.17463254929,2.50221419334,1.38356769085,-0.651681602001,0.896211624146,5.01253557205,4.45418834686,5.07371044159,1.80775237083,-0.379769235849,4.31121635437,-1.27721107006,0.380758911371,3.06784558296,8.88650035858,-1.72261691093,-1.16422998905,-0.98058950901,-1.70641887188,-1.40121746063,-1.21688604355,-1.54768681526,-1.6527428627,-2.77875232697,-2.30366253853,-0.41314843297,-1.91052627563,-0.470100820065,-1.79913127422,-6.65526771545,0.352796912193,0.1663646698,-7.31900835037,-5.07576704025,1.61005878448
16,4.47763648381e-09,5.71663738569e-09,7.52506146284e-09,7.80317588323e-09,9.03623575965e-09,1.21450209889e-08,9.06073349682e-09,9.58293178144e-09,1.10786748664e-08,1.69476130907e-08,1.9231414683e-08,1.63637334794e-08,8.45708658659e-09,1.793045179e-08,4.94169816179e-09,1.3414757305e-08,2.03645300623e-09,1.51337111731e-08,1.48655461274e-08,-6.98416170053e-06,-6.89428725309e-06,-4.06058643421e-06,-1.10539986053e-08,1.25399708395e-07,-4.21554295826e-06,-2.41839438786e-06,-4.69747783427e-06,-1.67627677001e-05,-1.57927606779e-05,-2.05539818126e-05,-8.57197301229e-06,7.23118682799e-06,-4.60415685666e-05,-1.31177393996e-05,-1.74318538484e-05,1.40430538522e-05,9.13358962862e-06,-9.46364889387e-06,-1.23908034766e-06,-7.31584009372e-07,-4.71444627692e-06,-5.2477803365e-06,-2.77692356576e-06,-9.7451838883e-06,-1.12351362986e-05,-7.84994957925e-10,-1.20594468171e-05,5.11962889505e-06,-9.24377036426e-06,-1.23391982925e-05,-1.49503875946e-05,1.01945806819e-06,5.38881431567e-06,7.57741236157e-06,4.62627212983e-07,-7.96084714239e-06,-6.30977774563e-06,-0.0480864346027,-0.0818516910076,-0.113052345812,-0.132715240121,-0.151344910264,-0.163609981537,-0.186113849282,-0.18184107542,-0.216029465199,-0.242506325245,-0.23852160573,-0.239588707685,-0.219657018781,-0.271809309721,-0.242933809757,-0.328723281622,-0.508291840553,-0.351333290339,-0.407903373241,6209.84423828,6206.82226562,6210.203125,6217.22314453,6210.140625,6203.94042969,6215.12207031,6213.98046875,6223.70849609,6226.18505859,6222.953125,6207.93017578,6213.35400391,6241.02441406,6200.14306641,6199.85058594,6214.75732422,6217.60400391,6212.32324219,0.000782335177064,0.000882178021129,0.000950077897869,0.000956440111622,0.000960726989433,0.000973694201093,0.000977636897005,0.00108051963616,0.00105303199962,0.00110353925265,0.00126344535965,0.00108809012454,0.00083174649626,0.000806389260106,0.000839643529616,0.00140728347469,0.002250185702,0.00190502312034,0.00194658059627,56.7566795349,63.0989379883,68.6914138794,70.2883987427,70.2142715454,68.3996887207,70.5592346191,74.7000656128,75.0721817017,81.5592575073,89.6002807617,71.4711914062,58.534160614,71.911857605,51.0665588379,81.6502304077,116.331481934,109.567016602,109.011756897,250.901077271,251.0599823,250.914916992,250.647079468,250.617477417,251.057830811,251.01852417,251.279647827,250.409957886,250.641601562,251.353088379,252.119812012,251.742599487,249.887512207,252.6459198,253.13343811,254.456726074,253.257675171,253.607421875,2.57022929192,2.18125653267,3.56150531769,3.56050419807,1.81578493118,0.421989679337,-1.23953211308,0.840427815914,4.634786129,4.54957294464,5.53678417206,2.27560257912,-0.0614200420678,3.66768217087,-0.415736913681,1.21071434021,0.869999110699,7.91855859756,-1.04318881035,-0.855511665344,-0.859088540077,-1.2427175045,-0.912114620209,-0.0506941974163,0.0900073200464,-0.450298070908,-2.12530469894,-1.3474470377,-0.382919758558,-1.93917000294,0.0245682001114,-1.32310247421,-5.06462717056,-0.395299434662,-0.228116035461,-7.22143602371,-4.74773931503,1.94703948498
17,2.0918329291e-09,3.04679814711e-09,4.73675898505e-09,3.70025365903e-09,4.34358593537e-09,4.18285450721e-09,3.85610965381e-09,2.66289346129e-09,3.28928839721e-09,1.08671729393e-08,1.05973931852e-08,8.47264214343e-09,2.5221755795e-09,2.58555110655e-09,2.5812254556e-09,6.31965813014e-09,2.63169153136e-10,2.76702483148e-09,3.80309034265e-10,-2.95296695185e-06,-8.19720540335e-08,4.96683742313e-06,-7.92999742316e-07,-9.26192751649e-06,-7.01438011674e-06,-1.78669488378e-05,6.35340802546e-06,5.47909667148e-06,-1.8737919163e-05,-1.51319818542e-05,5.71042937736e-06,1.03009651866e-05,1.6104651877e-05,-2.05821197596e-06,-2.43918293563e-05,3.50592586074e-06,9.75774128165e-06,3.74494884454e-05,2.62072126134e-06,1.4119741536e-06,-1.20315360164e-06,2.06956633519e-06,2.16629882743e-06,6.69357268634e-06,7.08953962203e-08,-5.82496159041e-06,-4.72253577755e-06,9.12204723136e-06,8.66317805048e-06,1.3861390471e-06,1.43209945236e-06,-1.57093963935e-05,3.70457473764e-06,6.10050738032e-05,3.13337658042e-08,6.74750162943e-06,1.32604800456e-05,-0.0590424314141,-0.0873752534389,-0.111912488937,-0.135364830494,-0.155776426196,-0.167593687773,-0.18774703145,-0.185367420316,-0.21529263258,-0.236295551062,-0.23806476593,-0.222267925739,-0.214315533638,-0.27953311801,-0.227740541101,-0.291105002165,-0.460184454918,-0.357385724783,-0.37562930584,7299.89550781,7295.49023438,7299.45605469,7306.98291016,7297.94824219,7290.87548828,7303.69873047,7302.28320312,7314.59130859,7316.14648438,7312.57470703,7295.15722656,7303.40185547,7335.03173828,7286.93945312,7284.74023438,7301.08398438,7303.61962891,7297.30078125,0.00155579496641,0.0017722172197,0.00184003275353,0.00194274529349,0.00204283581115,0.00202768971212,0.0020658178255,0.00218359567225,0.00203591631725,0.00226714508608,0.00240184180439,0.00219697412103,0.00167521217372,0.00177357252687,0.0018153564306,0.00263968249783,0.00365015142597,0.00339507032186,0.00345606403425,55.4788246155,60.7793083191,63.7096443176,69.1862792969,71.6508026123,69.4974594116,71.5796127319,75.1083450317,73.3788909912,83.9750213623,85.5975646973,70.0988845825,57.397354126,74.6945266724,54.6688079834,77.8666763306,105.500205994,104.180229187,103.470901489,259.64163208,259.932067871,259.869445801,259.508453369,259.577972412,259.841400146,259.935302734,259.98614502,259.440216064,259.350067139,259.980773926,261.320007324,261.008911133,258.896087646,261.740234375,261.944274902,262.140869141,261.442230225,261.728942871,1.54076778889,1.62706065178,2.50978016853,2.52031946182,1.1955780983,0.0166415516287,-0.887823402882,0.366201817989,3.93744802475,4.26371955872,5.31779098511,1.63674962521,-1.07227742672,2.09257912636,-1.27952718735,0.765054404736,-2.86096048355,5.21517372131,-0.801189661026,-0.768968582153,-0.863885760307,-1.05234086514,-0.66645604372,0.077380143106,0.39266782999,0.0309958457947,-1.53959298134,-0.744224309921,-0.65488243103,-2.06347346306,0.616280972958,-0.418448954821,-3.69751095772,-0.374146640301,-0.794116437435,-6.89157772064,-4.79193353653,2.01862812042
18,1.18840515206e-09,1.0464379363e-09,1.97789007395e-09,2.23232921037e-09,2.50875387131e-09,2.96622459928e-09,2.88503931856e-09,1.46512113552e-09,1.72577874213e-09,4.10633260728e-09,4.67141125782e-09,3.40740635707e-09,4.29474039665e-10,8.4359952357e-10,3.1076266005e-09,9.31948918037e-09,5.7540224755e-13,2.89411827836e-10,2.6394300634e-10,-1.5397123434e-06,1.19187154723e-06,-2.25689950639e-06,-4.93871630169e-06,4.7812163757e-06,4.88396335641e-06,-7.37380605642e-06,2.37260081803e-07,-1.56631522259e-05,-2.91785436275e-05,-4.68358084618e-05,-9.89394266071e-07,-5.15808242199e-05,-6.02926702413e-05,1.41881719173e-06,-2.40129047597e-05,-0.000140593896504,-0.000140160685987,-9.98953328235e-06,-4.47640019274e-07,-4.07156130677e-06,-7.85076679222e-07,3.4813253933e-06,-1.49485430256e-07,6.49610728942e-06,1.53398195835e-06,4.38600000052e-06,6.5246072154e-06,-1.42040266837e-06,-1.60786009928e-06,8.67254311743e-06,-5.64264701097e-06,-2.34286417253e-05,4.66589153802e-06,4.89800877403e-05,0.000220502639422,0.000107509338704,8.59084975673e-05,-0.0685999915004,-0.0865537971258,-0.101697087288,-0.126533851027,-0.141964256763,-0.154708728194,-0.172383025289,-0.176175460219,-0.195434466004,-0.215200349689,-0.218429163098,-0.189128607512,-0.194104298949,-0.260360985994,-0.185908600688,-0.231996446848,-0.394057661295,-0.339423060417,-0.329786300659,8572.41308594,8567.28710938,8573.03613281,8582.65039062,8573.73144531,8565.71582031,8580.22753906,8578.45605469,8592.78710938,8594.70703125,8588.98046875,8567.62207031,8576.93359375,8616.62402344,8557.8125,8556.28710938,8576.76074219,8578.43066406,8570.95898438,0.00336638465524,0.00357658066787,0.00351784517989,0.00352991116233,0.00343542825431,0.00338348303922,0.00349211227149,0.00361673743464,0.00348288542591,0.00370776676573,0.00401572557166,0.00391126191244,0.00343912816606,0.00325173418969,0.00355861475691,0.00426911376417,0.00515221478418,0.00502259843051,0.00510011566803,69.7847290039,72.5904998779,71.9937896729,74.790435791,71.6369476318,69.6693191528,71.8194503784,74.6731414795,75.241065979,83.116569519,86.7233734131,77.1615447998,67.9384384155,74.0260620117,66.4748382568,81.4922180176,100.555976868,100.531547546,100.136581421,267.590789795,267.834625244,267.827575684,267.29598999,267.493255615,267.703125,267.836547852,267.65838623,267.097625732,266.92376709,267.441558838,268.660400391,268.788726807,266.959106445,269.317932129,269.019622803,268.681274414,268.355651855,268.598999023,0.434471845627,0.58320248127,1.04669451714,0.805694878101,0.427301466465,0.0752321407199,-0.162695243955,-0.686868786812,2.56965637207,3.38724780083,4.4662976265,0.729360818863,-1.63969171047,0.404172182083,-1.61667513847,0.981865108013,-5.40828847885,2.31879353523,-3.80819225311,-0.526231050491,-0.671742141247,-0.781082868576,-0.79344445467,-0.387820869684,-0.787654519081,-0.746383666992,-1.44627904892,-0.852970123291,-1.55343830585,-3.00467205048,-0.339405238628,-1.05953252316,-3.18477916718,-0.719894230366,-2.35508942604,-4.43246507645,-3.72495627403,1.28995919228
19,2.83629453257e-09,4.14012824024e-09,4.5251238312e-09,5.23011811637e-09,4.62571358995e-09,3.21288218252e-09,3.24044613365e-09,4.28949320508e-09,5.78955150488e-09,8.37160385458e-09,6.18825035659e-09,4.01310362719e-09,8.79865780234e-09,1.32213484605e-08,5.95030824613e-09,2.00822114493e-08,2.76907670127e-08,1.24577139715e-08,8.28271495834e-09,2.03578952096e-06,-3.77120414896e-07,-8.59999829572e-07,-7.08938796379e-06,2.46726540354e-06,1.1107525097e-05,8.03634247859e-06,-9.52157097345e-06,1.02124286059e-05,2.01232523978e-05,-1.05745448309e-06,-1.11341942102e-05,6.38104074824e-06,1.82512103493e-05,9.52032405621e-06,1.82648491318e-05,-3.36142584274e-05,-5.59260552109e-05,-3.71910027752e-05,1.401844969e-07,1.80469797328e-07,-1.67128098383e-06,6.41908036414e-06,2.74469721262e-06,4.45122032033e-06,5.69137182538e-06,-1.45899866766e-06,-1.16224339308e-06,-3.47349168806e-06,1.4195318272e-06,8.55901998875e-06,7.8908587966e-06,6.41970746074e-06,-1.84871691999e-06,-1.83995211955e-06,1.48726094267e-05,-4.08194182455e-06,1.84434393304e-05,-0.0707106217742,-0.0769442766905,-0.0844446271658,-0.10810213536,-0.113656938076,-0.124562069774,-0.137559443712,-0.153423175216,-0.163880959153,-0.176927939057,-0.17986099422,-0.149452865124,-0.163699507713,-0.221508577466,-0.137300550938,-0.157300561666,-0.284240871668,-0.287839800119,-0.2523830235,8569.07910156,8564.85839844,8570.09570312,8578.67285156,8571.02539062,8562.3984375,8576.32324219,8573.47949219,8585.87597656,8590.51953125,8584.5390625,8561.04492188,8569.56835938,8610.45507812,8551.79589844,8552.01660156,8572.70703125,8573.11914062,8565.3046875,0.00414999574423,0.00425628339872,0.00425600120798,0.00439239246771,0.00414742110297,0.00416420260444,0.00434069009498,0.00459548225626,0.00468529528007,0.00459904735908,0.00493713328615,0.00507798744366,0.00469645299017,0.0043576923199,0.00465225521475,0.00517692510039,0.0060668811202,0.00607164530084,0.00618135975674,63.8237953186,66.2735061646,67.1435089111,71.1120681763,67.6379165649,67.7588500977,71.7765045166,75.6222763062,78.4348983765,80.2721405029,83.8813781738,80.8112792969,76.645652771,81.6095428467,74.5956192017,84.0595169067,99.2665710449,99.1756210327,99.2772827148,273.752929688,273.611755371,273.467498779,273.087402344,272.975708008,272.924987793,272.722320557,272.754364014,272.478027344,272.10269165,272.462249756,273.363952637,273.074554443,271.326171875,273.264099121,273.091003418,272.969787598,272.991088867,273.21105957,-0.549226164818,-0.342480301857,-0.162615060806,-0.169947385788,-0.357408225536,-0.482861101627,-0.826852440834,-0.909723937511,1.72217178345,2.69404768944,4.28028678894,0.267866611481,-1.40763986111,-0.167806148529,-1.87758338451,1.06244421005,-3.41733908653,3.19712281227,-4.83200836182,-0.447226583958,-0.475968420506,-0.41005218029,-0.813091754913,-0.464602351189,-1.44499945641,-1.52811360359,-1.68017601967,-1.0628118515,-1.29993700981,-3.34363055229,-1.28978896141,-1.68726921082,-3.33767986298,-0.742581009865,-2.56968259811,-4.00121641159,-3.37089657784,0.130935072899
20,2.2875690231e-09,3.60186280801e-09,4.18956114245e-09,5.56396750895e-09,3.78841980009e-09,2.26166263495e-09,5.84968784523e-09,8.45956904527e-09,1.03423749565e-08,4.57995508185e-09,2.64650124038e-09,2.11122008764e-09,9.19709908231e-09,1.38305296105e-08,2.13632089796e-09,1.39662894583e-08,3.44857866708e-08,1.83085635541e-08,1.78415469065e-08,6.62651154926e-06,1.43766430938e-06,-3.52774804924e-07,1.84143357274e-06,3.17819603879e-06,2.17787192014e-06,4.18191257268e-06,-5.78715207666e-06,1.02964713733e-05,1.05740800791e-05,1.75256172952e-05,5.99129407419e-06,2.55405448115e-05,2.30341356655e-05,1.70724888449e-05,4.48045684607e-05,4.86287353851e-05,3.78661789e-05,-3.9209939132e-05,-1.79649376264e-07,7.73275814936e-07,-1.13904980026e-06,9.41343103023e-07,6.66082428324e-07,-1.15149055091e-06,7.58798387324e-06,3.86957071896e-06,6.0177717387e-06,-2.798190053e-06,-1.712418225e-06,3.48121830029e-07,2.15597287934e-06,5.39708435099e-06,-5.44259319213e-06,-1.01607092802e-05,-3.06846268359e-05,2.78686784441e-05,4.19902098656e-05,-0.0674175843596,-0.068176150322,-0.0741136446595,-0.0909318253398,-0.094147592783,-0.104779161513,-0.109544731677,-0.130852222443,-0.138881891966,-0.145590409636,-0.147798240185,-0.129220664501,-0.156911864877,-0.195373803377,-0.128643482924,-0.117136433721,-0.160669997334,-0.210526421666,-0.119988061488,7854.90673828,7850.50097656,7853.68603516,7862.15869141,7853.74169922,7844.16552734,7856.26123047,7853.63623047,7868.10400391,7875.9765625,7870.14160156,7842.12597656,7850.12060547,7885.86230469,7827.42089844,7834.18505859,7863.01123047,7863.36962891,7854.2421875,0.00538093689829,0.00555737223476,0.00576313817874,0.00582527369261,0.00575330946594,0.0059773363173,0.00624029990286,0.00649500964209,0.00619797362015,0.00564829446375,0.00603185268119,0.00699463300407,0.00658627413213,0.00645703170449,0.00734318746254,0.00704266503453,0.00672063883394,0.00671938760206,0.00707464385778,63.9262504578,66.9056472778,70.9209594727,74.6107254028,71.9743881226,74.565032959,79.1270294189,84.9051513672,84.686126709,76.8613128662,81.7118988037,84.4244842529,80.2777862549,92.7957000732,86.7030334473,86.0931930542,99.6624526978,99.3885269165,98.7087097168,279.303009033,279.178100586,278.829833984,278.232788086,278.575073242,278.487457275,278.295501709,277.798706055,277.26651001,277.533813477,277.434967041,279.024932861,278.974212646,276.420532227,279.314300537,278.831237793,276.087127686,276.109161377,276.926940918,-1.5228625536,-1.18568634987,-0.724790811539,-1.02811777592,-1.28243017197,-1.31394672394,-1.20543015003,-1.05562067032,0.0365672111511,0.60400223732,2.84023809433,-0.370823025703,-3.08203482628,-1.38280773163,-3.4800786972,-2.86050748825,-6.09697008133,0.216057777405,-4.25719165802,-0.393410384655,-0.625587999821,-0.252763360739,-0.762419760227,-0.436573863029,-1.60551834106,-2.16704630852,-2.21204137802,-1.30483853817,-0.974965691566,-2.89490199089,-1.17492163181,-1.76461219788,-3.7725276947,-0.249398395419,-1.8576233387,-2.11336088181,-3.29902148247,-0.63131827116
21,2.08736294915e-09,4.23435109198e-09,5.23951859677e-09,8.46530223697e-09,6.11177952692e-09,1.92324134396e-09,4.95913088372e-09,1.11626565769e-08,1.11200177955e-08,6.53983756038e-09,5.22364596023e-09,5.12807218911e-09,5.03323960288e-09,1.1422664592e-08,4.08853173539e-09,1.92446822922e-08,9.38543820439e-08,5.47796901174e-08,6.01893930252e-08,5.29966928298e-06,2.84455495603e-06,6.30202794127e-06,1.23343443192e-05,6.78849028191e-06,3.80375104214e-06,6.09351764069e-06,1.22518713397e-05,1.96676028281e-05,1.33731628011e-05,2.42895566771e-05,2.52100562648e-05,2.74617214018e-05,2.6625528335e-05,2.80035947071e-05,4.85148266307e-05,1.40358733915e-05,3.65839186998e-05,-1.98109446501e-05,-4.06818330134e-08,5.6121069747e-07,-1.52572488332e-06,-1.93708478946e-06,-9.87156681731e-07,5.95974427142e-07,3.49515948983e-06,-5.29875649136e-07,8.9277529014e-07,-1.68156020663e-07,3.38235054187e-06,4.43378212367e-06,7.82955248724e-06,1.39753901749e-05,7.99730332801e-06,-1.14825952551e-05,-3.63695507986e-05,-2.72305478575e-05,-3.47565728589e-05,-0.0639081224799,-0.0660252943635,-0.0724231526256,-0.0808101221919,-0.0861454904079,-0.0988327711821,-0.0963670611382,-0.114548891783,-0.120559312403,-0.126550227404,-0.130376949906,-0.121657386422,-0.165209680796,-0.186257019639,-0.148127526045,-0.113364115357,-0.0733039006591,-0.137048944831,0.0111690796912,6610.27929688,6606.43505859,6610.44189453,6618.87939453,6610.06542969,6602.51660156,6613.78662109,6612.74023438,6624.703125,6628.08886719,6625.08300781,6602.13378906,6606.15283203,6639.56884766,6587.95751953,6594.88134766,6624.49316406,6624.60107422,6617.87304688,0.00811002962291,0.00830610096455,0.00831442698836,0.00818067695946,0.00836966559291,0.00851736962795,0.00862091034651,0.00870123039931,0.00842699967325,0.0083590792492,0.00846299808472,0.00933511834592,0.00931510608643,0.00870746280998,0.00995135679841,0.00945571716875,0.00834868662059,0.00836869422346,0.00859748665243,79.0128173828,80.831703186,81.6604537964,83.6030349731,84.1434173584,82.9959487915,84.8082122803,89.918258667,89.8320617676,89.6228561401,88.6000747681,90.9503707886,91.6128768921,95.7290802002,94.8515319824,91.339553833,97.85521698,97.6732711792,95.289604187,283.538726807,283.579986572,283.442810059,282.824676514,283.029663086,283.523345947,283.371765137,282.572967529,282.201751709,282.167144775,282.542785645,283.582489014,283.4034729,281.704986572,283.912109375,283.718719482,280.88168335,280.945831299,281.720153809,-2.37889647484,-1.44236075878,-1.31855618954,-2.0492401123,-1.80031609535,-1.65935063362,-1.81971287727,-1.78150045872,-1.16080975533,-0.839283704758,0.915601193905,-2.30700659752,-4.78418254852,-2.51457309723,-5.20893526077,-5.72097206116,-7.6097445488,-1.82530927658,-3.69341468811,-0.382281124592,-0.596556305885,-0.223791018128,-0.598581969738,-0.182509824634,-1.55777442455,-2.45366406441,-2.32157683372,-1.43429923058,-0.779581427574,-3.00323486328,-1.49124968052,-2.15941882133,-4.26566553116,-0.759842932224,-1.60758984089,-0.343473494053,-2.70473027229,0.0284393429756
22,1.49561585339e-09,3.06244674064e-09,3.79613540602e-09,6.77718992037e-09,5.00108043866e-09,2.12514872366e-09,4.11478362494e-09,8.91778384471e-09,8.79758932371e-09,8.31369906251e-09,8.49707681994e-09,6.2518124011e-09,5.53198953313e-09,9.86850601237e-09,6.80113032558e-09,1.43180534096e-08,9.04535539803e-08,6.04502830015e-08,6.29113543482e-08,6.94116715749e-06,4.05625996791e-06,7.24418578102e-06,1.43460520121e-05,7.07305480319e-06,9.04732814888e-07,2.95086465485e-06,1.35022537506e-05,1.5686306142e-05,1.53971941472e-05,2.33652936004e-05,2.54649676208e-05,2.32037637033e-05,2.3107697416e-05,3.01838499581e-05,5.31862388016e-05,9.14313131943e-05,8.07527176221e-05,2.08293131436e-05,-7.34971138172e-07,6.43938108169e-07,-4.78450715491e-07,-1.86821250736e-06,-4.49711660622e-06,6.4618984652e-07,-1.75678621872e-06,5.61268507226e-07,-8.83718598743e-07,2.66630377155e-06,1.351807623e-05,8.74978650245e-06,9.27806104301e-06,1.45567291838e-05,8.48046420288e-06,-1.18114103316e-05,-8.22009969852e-05,-4.95786080137e-05,-6.81449091644e-05,-0.060949947685,-0.0647402182221,-0.0701381117105,-0.0737924426794,-0.0802838802338,-0.0930645987391,-0.0874820128083,-0.103561960161,-0.1059377864,-0.109898604453,-0.115634217858,-0.113311462104,-0.163823664188,-0.174588099122,-0.157095625997,-0.111966669559,-0.0283389538527,-0.0934853777289,0.0739532262087,4901.77685547,4899.15966797,4902.5546875,4909.40966797,4902.47265625,4896.93115234,4905.64648438,4905.69775391,4914.65966797,4917.02148438,4914.58496094,4897.59179688,4899.84130859,4925.56542969,4886.48974609,4891.37988281,4916.37646484,4916.59375,4912.14550781,0.0103510161862,0.010499718599,0.0104202860966,0.0101657072082,0.0104365646839,0.0105745466426,0.0106035573408,0.0105158425868,0.0102277109399,0.0102026360109,0.0103433206677,0.0112022636458,0.0113345226273,0.0105371773243,0.0119415819645,0.0114842131734,0.00975809153169,0.00976214185357,0.00988183822483,86.4584197998,87.0781021118,87.2346572876,88.0123901367,89.1633758545,86.8613510132,88.217956543,90.9231185913,91.1724624634,91.3507766724,90.6385192871,92.7555389404,94.3107299805,95.8543243408,95.4612350464,91.7748565674,94.057144165,94.8428344727,92.7020874023,286.948242188,287.080322266,286.931732178,286.386260986,286.5519104,287.169708252,286.994171143,286.37121582,285.957122803,285.868133545,286.236206055,287.097167969,287.008178711,285.651794434,287.681945801,287.676757812,284.859405518,284.745574951,285.273284912,-2.81444048882,-1.44831895828,-1.77839946747,-2.90971183777,-2.01635789871,-1.49399697781,-1.89293837547,-2.32872509956,-1.98815870285,-1.67794156075,-0.386705994606,-3.87184357643,-5.9301276207,-3.4866642952,-6.68315505981,-8.14225387573,-9.48441123962,-3.9346549511,-2.77435898781,-0.29593783617,-0.551226854324,-0.226121172309,-0.459838867188,0.0223526377231,-1.50698256493,-2.51978874207,-2.32884192467,-1.51852750778,-0.762218236923,-3.44528079033,-1.75969707966,-2.41233539581,-4.80274391174,-1.16716301441,-1.31942903996,1.66406190395,-1.71320283413,1.28193390369
23,1.28785049291e-09,3.2533404859e-09,4.17647161299e-09,6.95294133379e-09,4.91643792344e-09,2.13475925825e-09,2.98579405644e-09,8.45902370372e-09,9.52475964766e-09,9.43667988196e-09,1.02270290014e-08,6.54697451807e-09,4.52694415287e-09,8.98184193687e-09,5.86974824301e-09,1.33190711793e-08,1.02113453693e-07,6.88443080321e-08,6.84533461026e-08,6.97004543326e-06,4.40442045146e-06,1.22141645988e-05,1.64609537023e-05,1.4976261582e-06,-6.88395800807e-07,2.22675794248e-06,1.50669557115e-05,9.06721288629e-06,1.72773034137e-05,2.4671009669e-05,2.60609886027e-05,1.97840236069e-05,1.53207565745e-05,3.03994256683e-05,6.41283622826e-05,0.000149162471644,0.000108377869765,5.44211761735e-05,7.4967317687e-07,2.39713062911e-06,2.35733523368e-06,-9.43987004121e-07,-1.01915316009e-06,6.00152543484e-06,2.60257479567e-06,2.43450426751e-06,2.64223376689e-06,8.60391537572e-06,2.11326932913e-05,9.04963962967e-06,1.18436109915e-05,2.48892465606e-05,-2.32492220675e-06,-2.39853270614e-05,-8.66325935931e-05,-3.13017335429e-05,-5.84724984947e-05,-0.0573611930013,-0.0613592118025,-0.0656428039074,-0.0678435266018,-0.0748152434826,-0.0856591314077,-0.0791862383485,-0.0948220491409,-0.094253398478,-0.0951779782772,-0.100753411651,-0.103603243828,-0.153594374657,-0.158528909087,-0.150866910815,-0.103285178542,-0.0103508187458,-0.0720191150904,0.0856063887477,2833.77807617,2832.40478516,2834.49804688,2838.46191406,2834.40405273,2831.07739258,2836.34204102,2836.67382812,2841.91552734,2843.30249023,2841.69287109,2831.88085938,2832.94433594,2848.46704102,2825.04150391,2827.94628906,2842.86425781,2843.28686523,2840.82470703,0.0117497202009,0.0118508869782,0.011724434793,0.0114698857069,0.0117559405044,0.0119378296658,0.011886484921,0.011693874374,0.0113856066018,0.011352006346,0.0115662384778,0.0124162454158,0.0126284947619,0.0116125307977,0.0133001441136,0.0128155685961,0.0109166335315,0.0108292624354,0.0109203811735,88.7972335815,88.7453994751,88.4687728882,89.4396591187,90.4093856812,88.3752288818,89.1664886475,90.5918884277,90.6555557251,90.8035354614,90.6075973511,92.431060791,94.3380355835,93.8333129883,95.5045318604,91.5244903564,93.8257522583,93.9960708618,92.4323272705,289.209777832,289.376342773,289.257049561,288.709625244,288.899169922,289.491943359,289.308502197,288.785369873,288.395568848,288.302307129,288.648803711,289.450622559,289.377532959,288.164093018,290.061462402,290.143920898,287.304168701,287.16104126,287.538330078,-3.0332429409,-1.4920706749,-2.0919008255,-3.41656780243,-1.99927031994,-1.23219037056,-1.78782713413,-2.65274429321,-2.31691122055,-2.21195006371,-1.18153786659,-4.73581123352,-6.51311635971,-3.73698115349,-7.60441398621,-9.92972564697,-11.3357906342,-5.5475564003,-2.78698825836,-0.23999980092,-0.577068626881,-0.295738130808,-0.37030351162,0.064970985055,-1.5688560009,-2.61497092247,-2.34236979485,-1.54373574257,-0.887113690376,-3.88851714134,-1.97284126282,-2.51260113716,-5.20132827759,-1.13298559189,-0.823617696762,3.10530686378,-1.01062762737,2.10392069817
24,1.47021439467e-09,2.68351207922e-09,3.22648374684e-09,5.85316195512e-09,4.39760450277e-09,1.75894698806e-09,2.40431341503e-09,6.98290136825e-09,7.40599581661e-09,8.88820572698e-09,1.00313197748e-08,5.52322143577e-09,2.87425883094e-09,5.43817968435e-09,2.33558994367e-09,1.07237969615e-08,8.43539780249e-08,6.19288584858e-08,6.22706579634e-08,6.16240640738e-06,3.39825510309e-06,1.27305847855e-05,1.76258799911e-05,1.71701083218e-06,-5.00921714774e-06,2.94800031497e-07,1.49732304635e-05,6.91849618306e-06,1.78228146979e-05,2.18909171963e-05,1.91535946215e-05,1.51092308442e-05,1.46706261148e-05,1.00594988908e-05,3.89458145946e-05,0.000117518400657,0.000121647222841,9.56988878897e-05,1.10040070922e-06,4.10317215938e-06,7.29101157049e-06,1.43738782299e-06,4.13380030295e-06,5.10611562277e-06,2.82630389847e-06,3.23679887515e-06,2.90185266749e-06,7.77693276177e-06,1.85576573131e-05,4.41201700596e-06,9.84674261417e-06,2.30665373238e-05,-7.86648615758e-06,-3.52779643435e-05,-7.8961631516e-05,-2.78034985968e-05,-5.79288534936e-05,-0.0519222617149,-0.055353846401,-0.0586117133498,-0.0604112707078,-0.0673175752163,-0.0761694610119,-0.0695743188262,-0.084499143064,-0.0822864547372,-0.0806167051196,-0.0846959501505,-0.0910119712353,-0.136706531048,-0.137942805886,-0.134183496237,-0.0892803221941,-0.00319425482303,-0.0590154230595,0.079640455544,2655.70556641,2654.56079102,2656.43774414,2660.16552734,2656.39306641,2652.97949219,2658.09960938,2658.70678711,2663.60571289,2664.92578125,2663.39575195,2654.12939453,2655.01196289,2669.91625977,2647.4987793,2650.32128906,2664.18237305,2664.91625977,2662.78198242,0.0128235518932,0.0128705119714,0.0127758663148,0.0125179886818,0.0127933751792,0.0130827389657,0.012963373214,0.0126636568457,0.0123579651117,0.0123171843588,0.0125419022515,0.0134133975953,0.0136687234044,0.0125206885859,0.0143858455122,0.0138637386262,0.0119568360969,0.0117729166523,0.0118166469038,90.8876800537,90.3908004761,90.376663208,91.7366714478,92.1022033691,91.2624588013,91.5030670166,91.783744812,91.8067855835,91.9373092651,91.8727722168,93.6834182739,95.0796813965,94.1241378784,96.7414779663,92.7877655029,94.0183486938,94.1324386597,93.2265625,290.7137146,290.879608154,290.756347656,290.166137695,290.433135986,290.927734375,290.763427734,290.330627441,289.97164917,289.864868164,290.17590332,290.943359375,290.991363525,289.771392822,291.581756592,291.655426025,289.169342041,288.913696289,289.105743408,-3.16628336906,-1.60388541222,-2.44270324707,-3.84146571159,-1.93141245842,-1.03439033031,-1.73545181751,-2.91409230232,-2.42191648483,-2.5487985611,-1.62702584267,-5.34799623489,-6.77628087997,-3.76060199738,-7.97391605377,-11.0884580612,-12.7112493515,-6.70993375778,-3.08657503128,-0.208580076694,-0.656098425388,-0.418576061726,-0.322597652674,-0.0245552416891,-1.70103943348,-2.802485466,-2.36996507645,-1.620885849,-1.02051019669,-4.29255819321,-2.08959197998,-2.54145789146,-5.74669265747,-0.753248929977,0.118802636862,4.57918930054,-0.455532073975,2.68040657043
25,1.83872228554e-09,2.82035861332e-09,2.9453692818e-09,5.89645487992e-09,4.24216528572e-09,1.95882710052e-09,2.25599983139e-09,6.41728004069e-09,7.52047757402e-09,8.58867998943e-09,9.51508560831e-09,5.38227151736e-09,3.89783716415e-09,5.99110627775e-09,3.18307469271e-09,7.68567254283e-09,7.22148740806e-08,5.66371518573e-08,5.53781696055e-08,9.53843937168e-06,2.14852821045e-06,1.42101034726e-05,2.57216543105e-05,7.69547750679e-06,6.62219520109e-07,2.24834911933e-06,1.34970996442e-05,1.02708254417e-05,2.17415235966e-05,2.99140065181e-05,1.68785427377e-05,1.37971228469e-05,2.02399096452e-05,-4.86603676109e-06,1.93529558601e-05,6.21151993982e-05,0.000105207262095,7.90550911915e-05,-1.20199672438e-07,3.8588955249e-06,9.35146908887e-06,1.57370539e-06,6.01544888923e-06,3.80569986191e-06,3.60507510777e-06,1.86119825685e-06,7.06476555479e-07,4.6207669584e-06,9.82733217825e-06,3.1430204217e-07,-3.87753470932e-06,1.20455888464e-05,-1.265994797e-05,-3.69463850802e-05,-0.000123495658045,-5.8058056311e-05,-7.26074722479e-05,-0.0437763258815,-0.0461772121489,-0.048398591578,-0.0501850657165,-0.0563223809004,-0.0635027587414,-0.0567141771317,-0.0703252255917,-0.0672964975238,-0.0638649836183,-0.0657590329647,-0.0742319822311,-0.112114608288,-0.111155495048,-0.109446674585,-0.0714900195599,-0.00146913679782,-0.0469475276768,0.0660561397672,2456.71459961,2455.69311523,2457.42993164,2461.01098633,2457.55175781,2454.35107422,2459.12719727,2459.73339844,2464.34057617,2465.50390625,2464.06323242,2455.25732422,2456.2902832,2470.42773438,2449.42724609,2451.75048828,2464.01489258,2465.12524414,2463.18652344,0.0137942628935,0.0138223329559,0.0137350745499,0.0134280817583,0.0136944800615,0.0139987980947,0.0138601586223,0.0135400891304,0.0132258431986,0.0132049219683,0.0134344724938,0.0143972076476,0.0145827354863,0.0132974470034,0.0152675919235,0.0148440254852,0.0131263043731,0.0127707272768,0.0127953067422,90.6680603027,90.11743927,90.2468414307,91.4559326172,91.4850006104,90.7395324707,90.6784820557,91.1858062744,91.2777557373,91.4848098755,91.4751281738,93.8356628418,94.4894943237,93.4073486328,96.5299530029,92.9462280273,94.0434341431,94.0676193237,94.2080993652,292.357330322,292.506500244,292.378356934,291.774383545,292.072662354,292.548156738,292.425537109,291.953735352,291.579559326,291.480255127,291.783203125,292.495574951,292.577362061,291.285430908,293.016693115,293.176757812,291.084686279,290.644378662,290.632141113,-3.23128843307,-1.80518364906,-2.76617312431,-4.11111402512,-1.84728980064,-0.848908782005,-1.79182910919,-3.09264469147,-2.52760529518,-2.91533827782,-2.08273482323,-5.60766220093,-6.8120932579,-3.94063782692,-7.62277841568,-11.350315094,-12.8704452515,-7.18268537521,-3.39961981773,-0.151020169258,-0.685652554035,-0.476596981287,-0.192092254758,-0.0785976722836,-1.75605738163,-2.92927289009,-2.28944897652,-1.58460104465,-1.10836911201,-4.46453142166,-1.88135552406,-2.40429925919,-6.10835933685,-0.213102042675,1.31578612328,6.05662584305,0.151726081967,3.14890193939
26,1.1908420916e-09,1.74817604837e-09,2.40281750052e-09,4.63938532036e-09,3.2361922031e-09,2.06208983222e-09,2.09726813694e-09,5.47316947319e-09,6.94957069669e-09,7.35073246716e-09,7.99114285854e-09,5.21648413354e-09,3.29525740028e-09,6.46626618916e-09,4.34140412509e-09,7.30217131206e-09,7.25957960412e-08,5.18929859084e-08,4.46800854093e-08,2.13555031223e-05,1.29163436213e-05,2.11390834011e-05,3.39354119205e-05,1.73042317329e-05,6.14114742348e-06,3.76435536964e-06,3.13805248879e-05,2.56334024016e-05,2.4273440431e-05,3.34444594046e-05,3.02893131447e-05,9.37996355788e-06,2.2916985472e-05,2.6759760658e-05,6.87568826834e-05,0.000101661658846,0.00010218135867,3.99226119043e-05,-3.14994349537e-06,2.61817649516e-06,3.75004060515e-06,-4.46421609013e-06,-6.0975037286e-07,-3.39028611052e-06,-1.81195412097e-06,-1.13681007861e-05,-3.10306359097e-06,-3.09618940264e-06,1.49303687067e-05,4.71441126138e-06,-1.18153211588e-05,-6.2669023464e-06,-2.55452050624e-05,-4.27107370342e-05,-0.000111941939394,-4.67969512101e-05,-4.99296402268e-05,-0.0335369668901,-0.0347791463137,-0.0360988453031,-0.0381762236357,-0.0430053509772,-0.0491732880473,-0.041994523257,-0.0536529235542,-0.049841158092,-0.0466776266694,-0.0468496531248,-0.0546379387379,-0.0826652646065,-0.0807386562228,-0.079371497035,-0.0518850423396,-0.00366267492063,-0.0358643457294,0.0492026545107,2237.28564453,2236.30639648,2237.8371582,2241.17944336,2238.0612793,2235.22583008,2239.3815918,2240.0378418,2244.64453125,2245.53271484,2243.86816406,2236.13134766,2237.55126953,2251.02929688,2231.58007812,2233.32421875,2244.60522461,2245.46777344,2243.21044922,0.0150407711044,0.0150934150442,0.0150309717283,0.0146723957732,0.014932025224,0.01521231886,0.0151595091447,0.014796202071,0.0143026774749,0.0143454121426,0.0147154033184,0.015567323193,0.015557651408,0.0140277119353,0.0161160696298,0.0158603210002,0.014125472866,0.0137798711658,0.0139340702444,92.4578170776,92.2655029297,92.6452636719,93.7646484375,93.4681625366,92.3487472534,93.1122283936,93.3991088867,92.1946487427,92.9022674561,93.8429031372,95.2220077515,94.1525192261,92.1619949341,95.7392272949,92.8794937134,93.1007995605,94.0844421387,95.5976715088,293.826507568,293.92767334,293.785614014,293.178588867,293.507751465,294.009155273,293.845031738,293.380004883,293.05480957,292.949584961,293.211212158,293.909240723,294.091827393,292.752685547,294.432922363,294.672393799,292.831329346,292.254974365,292.153137207,-3.24415111542,-2.00282382965,-3.00071120262,-4.22577238083,-1.80436599255,-0.744689047337,-1.88984847069,-3.10270690918,-2.64402770996,-3.12653470039,-2.39315462112,-5.39219284058,-6.532351017,-4.24933767319,-6.68924713135,-10.6674108505,-12.6931638718,-7.26601028442,-3.59901499748,-0.0697729438543,-0.532663345337,-0.33408972621,0.094123326242,0.0574240908027,-1.65843784809,-2.78205323219,-2.09986305237,-1.40571439266,-0.964110374451,-4.3132815361,-1.38819563389,-2.07436728477,-6.04531669617,0.268329501152,2.26506280899,6.63910007477,0.369070053101,3.46451950073
27,1.53246904055e-09,2.40258835049e-09,2.75895839508e-09,4.84636242248e-09,3.69618535778e-09,2.0016743818e-09,1.93115035074e-09,5.92412696676e-09,6.93606105884e-09,7.66010632702e-09,8.59744542225e-09,6.12274808631e-09,3.61847796171e-09,5.08344522032e-09,3.82412812527e-09,8.28960189381e-09,5.89738995416e-08,4.4455898518e-08,3.88352319192e-08,3.14361204801e-05,2.66054721578e-05,2.79532869172e-05,4.0507518861e-05,2.02431911021e-05,1.53034416144e-05,2.61216919171e-05,4.71796374768e-05,4.29079263995e-05,5.35455765203e-05,3.73676957679e-05,2.43660360866e-05,1.26572604131e-05,2.99877392536e-05,3.94372873416e-05,7.41169787943e-05,0.000163049669936,0.000145636367961,0.000107072468381,-1.57116539867e-06,-2.82082373815e-06,-5.68544862745e-07,-1.32690302053e-05,-9.75685907179e-06,-1.030776275e-05,2.51395613304e-06,-1.60677191161e-05,-1.19265769172e-05,-1.81137311301e-05,9.09817299544e-06,-1.48899334818e-06,-2.47525895247e-05,-3.03021806758e-05,-4.03984486184e-05,-6.81063393131e-05,-0.000154695211677,-6.98060248396e-05,-4.67058089271e-05,-0.0229680743068,-0.0234575774521,-0.0240847654641,-0.0260062571615,-0.0292411893606,-0.0347438752651,-0.0277434624732,-0.0367526374757,-0.0320976488292,-0.0310502462089,-0.0301053225994,-0.0350035950541,-0.0534038096666,-0.0512001849711,-0.0492114797235,-0.0330274477601,-0.00601293612272,-0.0250041503459,0.0328554846346,2000.76159668,2000.02075195,2001.36669922,2004.23937988,2001.30297852,1999.11169434,2002.81005859,2003.5826416,2007.17907715,2007.73156738,2006.49462891,1999.70019531,2000.88439941,2013.51464844,1995.68115234,1996.97973633,2006.80627441,2007.78137207,2005.78710938,0.0157482475042,0.0157359708101,0.0156766399741,0.0153794037178,0.0157050974667,0.0158070288599,0.0157641805708,0.0153080094606,0.0150475371629,0.0152186267078,0.0154843647033,0.0162730067968,0.0162780880928,0.0144398668781,0.0167578943074,0.016638090834,0.0150794517249,0.0146411322057,0.0148271434009,89.9572677612,89.5368118286,89.8774108887,91.68359375,91.6102752686,89.1730728149,89.8460464478,89.7539978027,90.7682037354,92.215133667,92.0842590332,92.9031219482,91.8639450073,88.7604827881,92.9814910889,90.834312439,92.1895828247,93.1693725586,94.5599899292,295.386474609,295.462341309,295.334716797,294.690582275,295.02230835,295.588409424,295.423492432,294.950561523,294.492492676,294.392425537,294.731811523,295.418273926,295.583648682,294.200561523,295.911315918,296.192321777,294.421966553,293.752197266,293.691864014,-3.25365328789,-2.11544942856,-3.10236001015,-4.13682222366,-1.76305961609,-0.700673282146,-1.83786904812,-3.10097002983,-2.77152252197,-3.13411855698,-2.63579416275,-5.05681037903,-5.97193956375,-4.63485908508,-6.13214540482,-9.67081069946,-12.0052585602,-7.12206220627,-3.63788461685,0.00343484082259,-0.319369494915,-0.129843384027,0.404762029648,0.30324780941,-1.42780065536,-2.5350279808,-1.89310014248,-1.14351117611,-0.707367300987,-4.06834554672,-1.05004525185,-1.81411075592,-5.65898370743,0.465811938047,2.6780769825,6.61482143402,0.35955491662,3.56021142006
28,9.97737448216e-10,1.88014537272e-09,2.7485160814e-09,5.20493514955e-09,3.55755336301e-09,2.39845143746e-09,2.89980128798e-09,5.16171683174e-09,5.42701394934e-09,7.64817098542e-09,8.43771985615e-09,5.30079713457e-09,3.31948757371e-09,2.08667838564e-09,1.73466219167e-09,7.10599667997e-09,9.16781743854e-08,6.69480044735e-08,5.28081827156e-08,3.86376777897e-05,3.63278086297e-05,4.64381846541e-05,5.8050838561e-05,2.85831101792e-05,1.26809454741e-05,4.02648984164e-05,5.63579123991e-05,8.08617114672e-05,6.8641762482e-05,7.14016787242e-05,5.88436741964e-05,0.000102395570138,0.000131547640194,3.38419049513e-05,9.51098918449e-05,0.00016670054174,0.000105805404019,6.44461688353e-05,-1.10837308966e-05,-1.21444636534e-05,-7.27607721274e-06,-3.21455227095e-05,-3.02811840811e-05,6.44079682388e-06,3.58088691428e-05,8.83587290446e-06,-3.80862693419e-05,-1.0068640222e-05,2.96314992738e-05,-2.0957999368e-05,2.25522555297e-07,5.83953515161e-05,-3.05851790472e-05,-9.27653527469e-05,-0.000178168600542,-6.98141739122e-05,-9.70901965047e-05,-0.0132631910965,-0.0134455403313,-0.0135224759579,-0.0151985762641,-0.0168475173414,-0.0208291336894,-0.0152607643977,-0.02116044797,-0.0165787581354,-0.0171940140426,-0.0156965535134,-0.0174556467682,-0.0277075823396,-0.0265585780144,-0.0230617150664,-0.0162975676358,-0.00577565748245,-0.0138968462124,0.0195533372462,1747.89880371,1747.05981445,1748.0012207,1750.85058594,1748.18115234,1745.67614746,1749.38647461,1749.99389648,1752.75646973,1753.41381836,1752.37329102,1746.38256836,1746.58825684,1757.12670898,1742.35559082,1743.92224121,1753.20263672,1753.72717285,1752.32348633,0.0162253417075,0.0163180753589,0.01638953574,0.0159085448831,0.0162920057774,0.0167181137949,0.0164110232145,0.0159846413881,0.0159408058971,0.0160223320127,0.0162654072046,0.0170808583498,0.017538163811,0.0159600302577,0.017849681899,0.0174969509244,0.0155611233786,0.015299689956,0.0152969053015,86.5189361572,86.8734664917,88.1751708984,88.7091064453,89.0862579346,89.1278839111,87.7652206421,88.2886199951,91.7220077515,92.0359191895,91.1467971802,91.4908905029,94.4542236328,94.8104858398,93.7348327637,89.5620422363,88.6435852051,91.4494628906,90.935256958,296.860137939,296.890106201,296.709259033,296.11315918,296.416809082,296.856536865,296.819763184,296.301391602,295.614349365,295.61920166,296.048614502,296.796234131,296.672607422,295.076904297,297.153900146,297.582305908,295.879974365,295.089385986,295.155456543,-3.24732708931,-2.10749053955,-3.06259608269,-4.03812932968,-1.82795011997,-0.742505431175,-1.78712773323,-3.08358263969,-3.08810734749,-3.35765051842,-2.7725045681,-4.63799095154,-5.5956993103,-4.81128978729,-5.54924821854,-8.51716136932,-11.4160022736,-7.2872595787,-3.71245288849,0.0579390227795,-0.187445506454,-0.0562102161348,0.56005191803,0.376772344112,-1.20833551884,-2.24704265594,-1.49866378307,-0.684444963932,-0.392572849989,-3.4940969944,-0.807866334915,-1.27226769924,-4.31104421616,0.531719982624,2.58065676689,6.41017532349,0.767108917236,3.55097746849
29,1.33753430553e-09,2.68717958996e-09,3.58917184862e-09,7.46571160448e-09,4.7075396914e-09,3.34849636907e-09,3.38454708704e-09,8.34266522531e-09,1.03834851828e-08,1.39573650415e-08,1.42556144667e-08,8.47459791231e-09,6.70743238729e-09,4.95847540805e-09,4.91048046669e-09,2.89364132655e-09,9.40897493251e-08,7.74186332819e-08,6.97608655287e-08,4.15838476329e-05,4.13631132687e-05,6.14151431364e-05,6.48064451525e-05,3.85225757782e-05,2.11626793316e-05,6.51335285511e-05,7.15233618394e-05,0.000109239670564,0.000105648767203,7.71132472437e-05,6.61724843667e-05,0.000114303817099,0.000170138911926,1.10422879516e-05,4.18035706389e-05,0.00027551461244,0.000174418863025,4.80779635836e-05,-2.37477870542e-05,-2.48746782745e-05,-1.82959665835e-05,-5.69099029235e-05,-4.11686887674e-05,4.47845468443e-06,2.42242513195e-05,2.02329483727e-05,-1.38069408422e-05,-1.4764149455e-05,-1.25719736843e-06,-6.06406210863e-05,-4.15678687204e-06,4.56175803265e-05,4.06272738473e-05,-4.0186172555e-05,-0.000254781509284,-0.00013905877131,-0.000200488808332,-0.00459934771061,-0.00468564033508,-0.00399899389595,-0.00560514815152,-0.00588102499023,-0.00763780670241,-0.00403401767835,-0.00701718591154,-0.00369172776118,-0.00487633468583,-0.00324888573959,-0.00240552565083,-0.00572645524517,-0.00592968519777,-0.0018732030876,-0.00270451093093,-0.0025720812846,-0.00276152230799,0.0104104541242,1477.40454102,1476.77844238,1477.33898926,1479.50134277,1477.52478027,1475.63952637,1478.26489258,1478.7734375,1480.64868164,1481.2043457,1480.46313477,1476.08813477,1476.08886719,1483.80712891,1473.05151367,1474.27978516,1481.03271484,1481.49414062,1480.63574219,0.016456997022,0.0165655110031,0.0166800133884,0.0161572489887,0.0165518783033,0.0170069523156,0.0167093109339,0.016308831051,0.0163004342467,0.0162967164069,0.0165082029998,0.0173299908638,0.0178014859557,0.0162377618253,0.0181220695376,0.0177251845598,0.0159110482782,0.0156558305025,0.0155849587172,82.9031066895,83.4743270874,85.2289047241,85.5891799927,85.9914932251,86.2155914307,85.1908950806,85.6781158447,89.6406402588,88.9493942261,87.8511734009,88.1157836914,91.5192337036,92.3996429443,90.8150405884,85.9793395996,86.0750732422,88.9719009399,87.925567627,298.090148926,298.087188721,297.848907471,297.246032715,297.548339844,297.980285645,297.901153564,297.41809082,296.641571045,296.735778809,297.188354492,297.939575195,297.71987915,296.051818848,298.209594727,298.751373291,297.004241943,296.191436768,296.296630859,-3.11180377007,-2.02461457253,-2.9572634697,-3.81356739998,-1.70918083191,-0.713202297688,-1.56976902485,-2.8462741375,-2.9001095295,-3.09159111977,-2.52652835846,-4.32448005676,-5.21442556381,-4.50620222092,-5.18733024597,-7.80337572098,-10.6221618652,-6.7985458374,-3.38566684723,0.0467926748097,-0.178151458502,-0.110957205296,0.50651049614,0.336107224226,-1.16185069084,-2.19676852226,-1.3494887352,-0.554812848568,-0.336279213428,-3.14479255676,-0.680379450321,-1.02796649933,-3.72350239754,0.387929022312,2.27941679955,5.86043691635,0.840769767761,3.41252112389
